yyyyq,Index,dpr,earning_price_ratio,devident_payout_ratio,svar,b2m,ntis,tbl,lty,ltr,tms,dft,drs,infl,ik,stock_premium
19471.0,15.17,3.047823860332477,2.480302892889941,2.480302892889941,0.0057175891,0.7415349887,0.05086363519999999,0.0038,0.0213,0.0035017375,0.017499999999999998,0.006000000000000002,0.004205214200000001,0.0199518279,0.0360430462,0.02541798164588003
19472.0,15.21,2.996389951972962,2.3573099926832923,2.3573099926832923,0.0066625279,0.7411167513,0.0468877419,0.0038,0.0216,0.0005873778,0.0178,0.006599999999999998,0.0038182237999999998,0.0045326151,0.0350892128,0.024033713845101907
19473.0,15.11,2.951079109805718,2.2771018453534926,2.2771018453534926,0.0040863187,0.7403233985,0.0440295654,0.008,0.0213,0.0099874455,0.0133,0.006200000000000001,-0.0281346495,0.0435565445,0.034052912799999994,0.022645996539311715
19474.0,15.3,2.902206215543168,2.251618649402018,2.251618649402018,0.0023564222,0.7253256790000001,0.029166134399999998,0.0095,0.0243,-0.0398317361,0.014799999999999999,0.006600000000000002,0.0225817089,0.0187667939,0.0348254595,0.027799550477124183
19481.0,15.08,2.875888292077585,2.1768759920652414,2.1768759920652414,0.0048423559,0.8414221219,0.0271646755,0.01,0.0241,0.0100316713,0.0141,0.006999999999999999,0.007850246300000002,-0.00010398719999999999,0.0366345654,0.030682519273740057
19482.0,16.74,2.980319994559104,2.197224577336219,2.197224577336219,0.0027216002000000003,0.7869735036,0.024368971200000002,0.01,0.0238,0.010106677,0.013800000000000002,0.0058,-0.0138418422,0.028338294500000003,0.0349442901,0.029161734051015534
19483.0,15.49,2.879456721762285,2.0126460471514998,2.0126460471514998,0.0060830384999999996,0.8362310712000001,0.0196880984,0.0109,0.0242,-0.0006030103,0.0133,0.006100000000000001,0.0032750617,0.0165346375,0.0346856954,0.03481966114318915
19484.0,15.2,2.793866120687066,1.8927436102860824,1.8927436102860824,0.0076987257,0.8409475465,0.0150263121,0.0116,0.0237,0.0139518298,0.0121,0.007399999999999997,0.010211627400000003,-0.017766248000000002,0.035238786800000005,0.041888195305263165
19491.0,15.06,2.732244929689267,1.8449417346883643,1.8449417346883643,0.003676125,0.9017504234999999,0.014771834099999999,0.0117,0.0227,0.0206374173,0.011000000000000001,0.007700000000000002,-0.012317647199999998,-0.009775784499999999,0.0332233994,0.03625305182602922
19492.0,14.16,2.630618460969394,1.7749523509116738,1.7749523509116738,0.0030733641,0.9538884243000001,0.01519133,0.0117,0.0217,0.0197522249,0.01,0.007600000000000003,-0.0051921715,0.0013976384,0.0316632816,0.035918232909604525
19493.0,15.58,2.706767327289321,1.874694674499183,1.874694674499183,0.0030861337,0.8750205468000001,0.021894047000000003,0.0107,0.0212,0.0133207497,0.0105,0.007700000000000002,0.0024445171999999977,-3.76019e-05,0.029894465099999996,0.033978166153658534
19494.0,16.76,2.687966832647533,1.9774279093757183,1.9774279093757183,0.0019928478,0.7964292839,0.0264993791,0.011,0.0209,0.009224810699999999,0.009899999999999999,0.0072999999999999975,-0.0150385447,-0.0098225527,0.0292330227,0.033705721984248205
19501.0,17.29,2.6931245508855346,1.9872383445481594,1.9872383445481594,0.0019435657999999998,0.8255277845000001,0.0295888023,0.0112,0.0215,-0.0032160202,0.010299999999999998,0.006599999999999998,0.009828295899999999,-0.0028469647,0.029942528700000002,0.034258550462984386
19502.0,17.69,2.6906779513777397,1.940835427141249,1.940835427141249,0.007071319300000001,0.8134474678,0.0317054399,0.0115,0.0216,0.0037941253000000003,0.010100000000000001,0.006600000000000002,-0.0030971638000000003,0.0113054669,0.032456257999999995,0.03781901239491238
19503.0,19.45,2.682668127830793,1.9672151897565495,1.9672151897565495,0.0055847443000000005,0.7514578547,0.0270593566,0.013,0.022,-0.0003420354,0.009,0.005699999999999997,0.0071264231,0.0251025769,0.035106966499999996,0.03551196431105398
19504.0,20.41,2.630762576031109,1.9722209246486389,1.9722209246486389,0.0065212108,0.7225384418999999,0.031866602200000003,0.0134,0.0224,0.00028109310000000003,0.009,0.005299999999999999,0.006625157,0.0231088902,0.034702251499999996,0.03242697448971092
19511.0,21.4,2.6446805871696206,2.0231142103726594,2.0231142103726594,0.0034251258,0.7813946002,0.0324946118,0.014,0.0241,-0.0173171262,0.0101,0.004500000000000004,-0.008831785699999997,0.0318352235,0.0334754651,0.0260245304364486
19512.0,20.96,2.5979300381913957,2.0419839791449355,2.0419839791449355,0.0032189982,0.8003626772,0.0360789432,0.0145,0.0259,-0.0192749595,0.011399999999999999,0.005500000000000001,0.007598616900000001,0.0038718479999999998,0.0336540298,0.025380366035114503
19513.0,23.26,2.7280248122323334,2.226452393946826,2.226452393946826,0.0021650677,0.7161823278,0.028633195099999998,0.0163,0.0253,0.015645927,0.009000000000000001,0.006199999999999997,0.010604610899999999,0.0077104605,0.0337433429,0.01921016425219261
19514.0,23.77,2.824834576982026,2.276426242066992,2.276426242066992,0.0028790034000000003,0.7213163466,0.0359930302,0.0173,0.0269,-0.018636657,0.009600000000000001,0.006000000000000002,0.0038061400000000013,0.014033176299999998,0.032760046,0.023743796912242324
19521.0,24.37,2.8426959960239455,2.317884130283215,2.317884130283215,0.0020918885000000003,0.7518741186,0.0319456083,0.0159,0.0263,0.0153505835,0.0104,0.005499999999999998,0.003565620999999998,-0.0063251,0.0326317489,0.020295982678334015
19522.0,24.96,2.845710987068744,2.367123614131617,2.367123614131617,0.0015395943,0.7387150879000001,0.0276712356,0.017,0.0259,0.014047693100000001,0.008899999999999998,0.005600000000000004,-0.009744615100000001,0.0076029831,0.0327463352,0.017921414910256412
19523.0,24.54,2.8287408828502825,2.3416428202452466,2.3416428202452466,0.0010364133,0.7486789106,0.0309430537,0.0171,0.0277,-0.021869182,0.010599999999999998,0.005700000000000004,0.0279650239,0.007526727800000001,0.029558284599999998,0.0183648649005705
19524.0,26.57,2.9361930553816453,2.404314022417822,2.404314022417822,0.0017150965,0.6940733128000001,0.0264257239,0.0209,0.0279,0.0045636109,0.007000000000000003,0.0053999999999999986,0.0009443558000000003,-1.5605000000000001e-06,0.0320722164,0.02161592144636808
19531.0,25.29,2.886819356291797,2.3425178033294163,2.3425178033294163,0.0015927153,0.7624968735,0.0237857183,0.0201,0.0294,-0.0162443481,0.0093,0.004500000000000004,0.0010158424999999992,-0.0050188287,0.033599768599999996,0.019569698521668646
19532.0,24.14,2.833213344056216,2.263587462525693,2.263587462525693,0.0028338969,0.7954969059999999,0.0272284812,0.0211,0.0301,-0.0034053246,0.008999999999999998,0.0046,-0.0137224844,0.0075267566,0.0335385783,0.020719255148881524
19533.0,23.35,2.7999401125017367,2.2145036249445713,2.2145036249445713,0.00228874,0.8082108771,0.025540235499999998,0.0179,0.0284,0.0330894767,0.010500000000000002,0.0059000000000000025,0.0014890268999999956,0.0062274646,0.0340080372,0.020808262977516055
19534.0,24.81,2.839683241271227,2.2909640445600172,2.2909640445600172,0.0014237256,0.7597009612000001,0.02455226,0.016,0.0274,0.023114493,0.0114,0.006100000000000001,0.009581826799999998,-0.002489145,0.033296432200000003,0.022921111441717053
19541.0,26.94,2.908349770191573,2.3575188118118833,2.3575188118118833,0.0011747169,0.8049158183,0.021990538799999997,0.0103,0.0278,0.0391056589,0.017499999999999998,0.006499999999999999,-0.0026336013999999977,-4.6142e-06,0.0320350819,0.021850064214253895
19542.0,29.21,3.0029475599671667,2.411336798626644,2.411336798626644,0.0021363147,0.7324678440000001,0.0182961416,0.0064,0.0272,0.0179357552,0.0208,0.005899999999999999,-0.0192692652,0.0024735514,0.0314774581,0.021990064954878465
19543.0,32.31,3.0901143790457617,2.508392933646734,2.508392933646734,0.0024814238000000002,0.6777451035,0.0169076788,0.0101,0.0271,0.0087420082,0.017,0.005800000000000003,0.0010884206000000007,-0.0037213195,0.0321307105,0.016672098137821105
19544.0,35.98,3.1511808120968494,2.56411590832314,2.56411590832314,0.0025995305,0.6041197854,0.0259785788,0.0115,0.0272,0.0044863303999999994,0.0157,0.005500000000000001,0.003734736600000001,-0.0037383921,0.031809162,0.019685667163757647
19551.0,36.58,3.154815821701274,2.5143123746267504,2.5143123746267504,0.005692359100000001,0.6077617769,0.0269507429,0.0128,0.0288,-0.0232879146,0.016,0.0045999999999999965,0.0164023868,0.0,0.0321613214,0.020179967988737016
19552.0,41.03,3.263227887093878,2.544922146897778,2.544922146897778,0.0020077294,0.5516416323,0.024390767,0.0141,0.0293,-0.0002555155,0.0152,0.0046,0.001250186,0.0,0.0339434204,0.019691476914135995
19553.0,43.67,3.294235218253177,2.5411898961121624,2.5411898961121624,0.0091101812,0.5336247910999999,0.0247746104,0.0207,0.0298,-0.0025756498,0.0091,0.0046,0.0022313082,0.0049766124,0.035359429500000004,0.01436814243414243
19554.0,45.48,3.3225764270462284,2.5307986430446556,2.5307986430446556,0.005136636500000001,0.5098280098,0.0252451043,0.0254,0.0295,0.0135715902,0.0040999999999999995,0.004700000000000003,-0.0024648976,-0.0012460845,0.0359555812,0.01571196805743184
19561.0,48.48,3.3330299332513715,2.5755248837086233,2.5755248837086233,0.0033512540999999997,0.5310771996,0.0266549308,0.0225,0.0303,-0.0069223253000000005,0.007800000000000001,0.0049999999999999975,0.005159170500000001,-1.5490000000000001e-06,0.0349038143,0.013165867089768978
19562.0,46.97,3.2617224351367846,2.5685752545768397,2.5685752545768397,0.0037767851,0.5515645927,0.025460547799999997,0.0249,0.0299,0.013675303500000001,0.005000000000000001,0.0050000000000000044,-0.021823655900000002,0.0124053972,0.0351024554,0.012112650045411965
19563.0,45.35,3.2046446049402517,2.573141587491513,2.573141587491513,0.0025215152,0.5719095213000001,0.029129906400000002,0.0284,0.0324,-0.0344052159,0.003999999999999997,0.0051,0.005662768000000002,0.0073424999,0.035034998,0.008763651587320835
19564.0,46.67,3.2892164467352867,2.616389268666299,2.616389268666299,0.0043170946,0.5441768274000001,0.025968701,0.0321,0.0345,-0.028771081,0.0024000000000000063,0.006200000000000004,-0.0022082839000000035,0.0085150191,0.034605890800000004,0.012353400660852797
19571.0,44.11,3.2385651056071607,2.5629110824947325,2.5629110824947325,0.0023279678,0.5998188749000001,0.0262523731,0.0308,0.0331,0.0346972524,0.0022999999999999965,0.0076999999999999985,-0.00036812630000000734,0.0072448797,0.034520653,0.012898547775379732
19572.0,47.37,3.3098677084259727,2.6283485658611463,2.6283485658611463,0.0012765977,0.5658765324,0.0303509904,0.0329,0.0361,-0.042008859100000004,0.0032000000000000015,0.007199999999999998,-0.003789214799999996,0.0119776425,0.034106405299999996,0.010948526813468444
19573.0,42.42,3.182306140086476,2.5034653551777684,2.5034653551777684,0.0043268521,0.624150778,0.0341100938,0.0353,0.0364,0.0036695338,0.0011000000000000038,0.008099999999999996,-0.006172589799999999,0.0071047616000000004,0.0345083703,0.009072983603017441
19574.0,39.99,3.1064138030060633,2.4737166784944566,2.4737166784944566,0.0091715147,0.6536757786,0.0346524958,0.0304,0.0323,0.0802081284,0.0019000000000000024,0.012199999999999996,0.024056201400000005,0.0035273,0.0332939654,0.012491630797199296
19581.0,42.1,3.1690681941025978,2.595824940768174,2.595824940768174,0.0019898349,0.6685916376,0.0287632813,0.013,0.0321,0.0117314632,0.0191,0.010500000000000002,-0.0072812068,0.014042075,0.0306331873,0.011763815302375299
19582.0,45.24,3.2638602427382324,2.736979228218944,2.736979228218944,0.0017990179999999999,0.6246601697999999,0.021255083900000003,0.0083,0.0324,0.0024026302,0.024099999999999996,0.009799999999999996,0.0131739878,0.0034688684,0.0291489173,0.012640248965428823
19583.0,50.06,3.3651008774939406,2.855431991855774,2.855431991855774,0.0017120072,0.5613711966,0.0138495074,0.0244,0.038,-0.0809706388,0.013599999999999998,0.007800000000000001,0.0250096186,-1.3287e-06,0.028591852200000004,0.00958680244818218
19584.0,55.21,3.4515283083605306,2.9498875941716127,2.9498875941716127,0.0030923294,0.5117793198,0.023488247200000003,0.0277,0.0382,0.0073956226,0.010499999999999999,0.0076999999999999985,0.0079931158,-1.3287e-06,0.029550815,0.00849716502988589
19591.0,55.44,3.4443218082959097,2.8806786286905046,2.8806786286905046,0.0019121786999999999,0.5168602815,0.024832649900000003,0.028,0.0403,0.0053125309,0.012300000000000002,0.007199999999999998,-0.0039288581,-1.3287e-06,0.0303389629,0.009308435333766237
19592.0,58.47,3.4862981823349153,2.844738370565463,2.844738370565463,0.0018253147,0.48321939090000005,0.0267749305,0.0321,0.0419,-0.0112063442,0.009800000000000003,0.0058,-0.012922553000000003,0.0069084147,0.0311008748,0.00909908842177185
19593.0,56.88,3.4476169402172516,2.8083835243171373,2.8083835243171373,0.0033138096000000002,0.4923378926,0.030326639300000003,0.0404,0.0429,-0.0038352898,0.0025000000000000022,0.006600000000000002,-0.0029431776,0.0045726971,0.0318903145,0.0038213910481012647
19594.0,59.89,3.488193579423042,2.8716796248840124,2.8716796248840124,0.001416711,0.4577837965,0.0226665715,0.0449,0.0447,-0.0130249519,-0.00020000000000000573,0.006999999999999999,0.0333575635,0.0034149,0.031545651200000004,0.0028014540749039894
19601.0,55.34,3.3508080012835433,2.792666052966421,2.792666052966421,0.0030022775,0.549798083,0.0253992895,0.0331,0.0411,0.060926043099999994,0.008,0.007599999999999996,-0.017737617199999993,-1.2928e-06,0.032545626099999996,0.006595552231225155
19602.0,56.92,3.373817400645996,2.8599195778430353,2.8599195778430353,0.0015674426999999999,0.5291748619,0.024180530800000002,0.0246,0.0407,0.0152059897,0.0161,0.008100000000000003,-0.005461934600000001,0.0079357892,0.0328005671,0.007283687062403372
19603.0,53.52,3.312226043244318,2.795265430910811,2.795265430910811,0.0033259927,0.5843417106000001,0.028237794700000002,0.0248,0.0387,0.0375773408,0.0139,0.007599999999999996,-0.006414165100000001,0.0011268,0.0317368975,0.007745562337070253
19604.0,58.11,3.394508393511359,2.8775477811778525,2.8775477811778525,0.0021012172,0.5504229651,0.0227400156,0.0225,0.038,0.0182567356,0.0155,0.0075,-0.014126873800000002,0.005619835500000001,0.0313569811,0.008005864832765445
19611.0,65.06,3.512621947969969,3.0471388301355518,3.0471388301355518,0.0016816656,0.5466798694,0.0227859992,0.0239,0.0397,0.005352381800000001,0.015799999999999998,0.008,0.0277536969,0.0,0.0304981635,0.0051974591544727946
19612.0,64.64,3.5061454411376034,3.0602707946915624,3.0602707946915624,0.0019273825,0.5408211006,0.0225149702,0.0233,0.0404,-0.0007042532,0.017099999999999997,0.006999999999999999,-0.0139985321,0.0011192,0.030960742799999996,0.006314018083168317
19613.0,66.73,3.5277101536730893,3.085513036296195,3.085513036296195,0.0018358937,0.5275167211,0.0255482711,0.0228,0.0403,0.0125826584,0.0175,0.0067000000000000046,0.0040417179,0.005579776099999999,0.031026955099999996,0.005486512843488686
19614.0,71.55,3.567298994589347,3.110375589205707,3.110375589205707,0.0009907661,0.5059222584,0.022919403300000002,0.026,0.0415,-0.0074777725,0.015500000000000003,0.0067999999999999935,0.02037294,0.0,0.031874942999999996,0.0069939768678546465
19621.0,69.55,3.5290961105133265,3.027133174005181,3.027133174005181,0.0013507473000000001,0.5457245916,0.0246977834,0.0272,0.0398,0.0344103852,0.012600000000000004,0.006499999999999999,-0.005868836999999998,0.0044444273,0.0323969533,0.006139711297340044
19622.0,54.75,3.2800713858951203,2.7586227747378422,2.7586227747378422,0.0168614595,0.6873574686,0.0270909651,0.0273,0.0401,0.0051401533,0.012799999999999995,0.007400000000000004,0.0064229267,0.0022124,0.033116355699999996,0.009289069260730596
19623.0,56.27,3.2977936397319607,2.7688636624999816,2.7688636624999816,0.0037957782,0.6663442606000001,0.029865537799999998,0.0278,0.0398,0.0137425066,0.012000000000000004,0.007099999999999995,0.008049772500000003,0.0077171357,0.0332738615,0.007303273819797405
19624.0,63.1,3.388598789825834,2.844529107480689,2.844529107480689,0.0052707734,0.5916270511,0.0193209516,0.0287,0.0395,0.0140544517,0.0108,0.0068000000000000005,0.0013177052999999994,-0.0021941951,0.0327760006,0.01009059088193344
19631.0,66.57,3.4327861834730404,2.887222148993268,2.887222148993268,0.0014518384,0.5875285706000001,0.0137527516,0.0289,0.0401,0.0016005498999999998,0.011199999999999998,0.006900000000000003,0.009234375400000001,0.0032949121999999997,0.032470473199999995,0.006862594688298032
19632.0,69.37,3.4509971370329398,2.8939821307975744,2.8939821307975744,0.0008869145,0.5672815754,0.0177811388,0.0299,0.0407,0.0029993247999999997,0.0108,0.006100000000000001,0.0009747999,0.0043716,0.0332590138,0.007218598399668445
19633.0,71.7,3.4794982320759136,2.896246722339186,2.896246722339186,0.0011866160000000001,0.5472236248,0.010458638499999999,0.0338,0.041,0.0056085926,0.007200000000000005,0.005299999999999999,-0.0016133051000000002,0.0043526,0.0339841746,0.004748662597071129
19634.0,75.02,3.493579301687392,2.926472842022812,2.926472842022812,0.0038872642999999998,0.5255914542,0.008938386999999999,0.0352,0.0417,0.001885248,0.006499999999999999,0.0050000000000000044,0.001100317,0.0043395741,0.034785458,0.006466993647267395
19641.0,78.98,3.5233263882808945,2.938883409321839,2.938883409321839,0.000369752,0.5236754417,0.0176860417,0.0354,0.0424,0.0011922957000000001,0.006999999999999999,0.004500000000000004,0.006666973,0.0010793313,0.0353031508,0.005115531401671309
19642.0,81.69,3.5358311076703943,2.9373640533393788,2.9373640533393788,0.0008783832000000001,0.5122068551,0.020345440700000002,0.0348,0.0419,0.0166905921,0.007100000000000002,0.004400000000000001,-0.0021211226999999985,0.0032368261,0.035834433,0.005520924382800833
19643.0,84.18,3.5409593240373143,2.9355689547169472,2.9355689547169472,0.0007953303999999999,0.4865371214,0.020292834,0.0353,0.0421,0.007815608,0.0068000000000000005,0.003999999999999997,0.0032223623999999996,0.0032239949,0.0366548468,0.003981903285911144
19644.0,84.75,3.523415014386405,2.9245785132977007,2.9245785132977007,0.0007511228999999999,0.4872273003,0.0230537569,0.0384,0.0423,0.0090253319,0.0039000000000000007,0.003699999999999995,0.004413130500000001,0.0042883339,0.036988781,0.005201063835988201
19651.0,86.16,3.520112673677798,2.9129079229185777,2.9129079229185777,0.0007036296000000001,0.469489905,0.019147266899999998,0.0393,0.0422,0.0108347902,0.0029,0.003599999999999999,-0.0006166914999999988,0.0010678,0.039008174900000005,0.00456649791671309
19652.0,84.12,3.472894129499897,2.8553296301059587,2.8553296301059587,0.0023258982,0.4808589565,0.0175507803,0.038,0.0423,0.0101318905,0.004299999999999998,0.0039000000000000007,-0.008533181,0.010650803600000001,0.0399167555,0.0060241327589158344
19653.0,89.96,3.521039004297507,2.8939352360545527,2.8939352360545527,0.0009285013000000001,0.44853747130000005,0.0168400361,0.0392,0.0433,-0.0025059103,0.0040999999999999995,0.0039000000000000007,0.0023028220000000004,0.0010509352,0.0408129037,0.0037992979099599825
19654.0,92.43,3.52581972096878,2.8797179040988885,2.8797179040988885,0.0006311635,0.4306378062,0.0207685125,0.0438,0.045,-0.0112893094,0.0011999999999999997,0.0034000000000000002,-0.004720129900000002,0.0063213781,0.041883312400000004,0.005072567569901546
19661.0,89.23,3.4687663782095144,2.8159916529399567,2.8159916529399567,0.0014198779,0.4901759356,0.0167283301,0.0459,0.046,-0.0065801440000000004,9.999999999999593e-05,0.003999999999999997,-0.008390879300000001,0.0094092618,0.042988512,0.003962732465953153
19662.0,84.74,3.3993110335432664,2.7421389554415994,2.7421389554415994,0.0027879474,0.5209746006,0.0170778592,0.045,0.0477,-0.0137433695,0.002700000000000001,0.0051,0.0154360794,0.0082934226,0.042881180899999996,0.005548351234576351
19663.0,76.56,3.2768182450203582,2.6315101239798757,2.6315101239798757,0.0057793294999999995,0.5854924957,0.0168583351,0.0537,0.048,0.0081719905,-0.005699999999999997,0.006000000000000005,-0.0360946507,0.010278472299999999,0.0426410965,0.0038758274507836987
19664.0,80.33,3.3318311204141917,2.6723452224273783,2.6723452224273783,0.0039481349,0.5769451056,0.017185979599999998,0.0496,0.0455,0.0492790237,-0.0040999999999999995,0.007899999999999997,-0.004647862900000001,0.005088029,0.0417958033,0.00530274050267646
19671.0,90.2,3.43731869007615,2.806413818393425,2.806413818393425,0.0016470279,0.5495507978999999,0.0149309027,0.0426,0.0455,0.0126202613,0.0029,0.007200000000000005,0.023355986000000002,0.003040052,0.0402305647,0.0029285574614190697
19672.0,90.64,3.4421848797273227,2.8335443785419976,2.8335443785419976,0.0027981698,0.553204845,0.0101498626,0.0354,0.0507,-0.0630604509,0.015300000000000001,0.007100000000000002,0.009161519299999997,0.0080778221,0.0394886785,0.005427049596116505
19673.0,96.71,3.5001331934486815,2.904009989170796,2.904009989170796,0.0008736088000000001,0.5135648458,0.0055949699,0.0442,0.0517,-0.0020564572,0.0075,0.0075,0.0148855202,0.0100109736,0.038730474,0.001987659162920071
19674.0,96.47,3.4976484629022715,2.8958808410047086,2.8958808410047086,0.0016705841,0.5257924451,0.0142490269,0.0497,0.0556,-0.040745267200000004,0.0058999999999999955,0.007400000000000004,-0.00178301589999999,0.008924115699999999,0.0389886942,0.0036890447980201108
19681.0,90.2,3.4202242567168497,2.8082503662007268,2.8082503662007268,0.0026992452000000004,0.5668098065,0.012570130300000001,0.0517,0.056,0.0075686547,0.004299999999999998,0.007400000000000004,0.011878224,0.0117869738,0.039671242599999997,0.002811697856541019
19682.0,99.58,3.5056879538114414,2.883566287274844,2.883566287274844,0.0024936106,0.5307418133,0.0120487856,0.0552,0.0534,0.050720855,-0.001799999999999996,0.007900000000000004,-0.030407707600000004,0.0116476875,0.0384159123,0.0007928133588069892
19683.0,102.67,3.5229573417895956,2.898096069095782,2.898096069095782,0.0013412539999999998,0.5091954391,0.0182862723,0.0519,0.0531,0.0180996984,0.0011999999999999997,0.008199999999999999,0.0317091286,0.010557093,0.0384078646,-0.00010688326900750063
19684.0,103.86,3.5213662768170666,2.892106363708373,2.892106363708373,0.000865344,0.5049006623,0.0319477245,0.0596,0.0598,-0.07460217940000001,0.0001999999999999988,0.007800000000000001,0.013954734100000005,0.012341600800000001,0.0390149605,0.0014711710602927017
19691.0,101.51,3.4887552043052397,2.8588570540529936,2.8588570540529936,0.0017439976000000002,0.557040236,0.0394182212,0.0602,0.062,-0.0155030065,0.001800000000000003,0.006599999999999995,-0.006772945500000002,0.0149910972,0.0396135499,-0.0009104782351689496
19692.0,97.71,3.4409709034041898,2.8172731111161164,2.8172731111161164,0.0017295466,0.5967773337,0.0451398591,0.0644,0.0623,0.0128281048,-0.0020999999999999977,0.007199999999999998,0.0007465836000000014,0.0156951208,0.0394705334,-0.0004072543035308542
19693.0,93.12,3.3864865311455863,2.760632986319633,2.760632986319633,0.0041154721,0.6408884625,0.048317048099999996,0.0709,0.0677,-0.0522047155,-0.0032000000000000084,0.009099999999999997,0.0263403399,0.0136424726,0.039964801,-0.002794948787285225
19694.0,92.06,3.371868510790275,2.7680368557048096,2.7680368557048096,0.0024264145,0.6510820131,0.0342605972,0.0782,0.0687,0.0044361213,-0.009500000000000008,0.009299999999999989,-0.0523653158,0.015247153400000001,0.0391496839,-0.002142019323919185
19701.0,89.63,3.341958497480081,2.7675806432176717,2.7675806432176717,0.0030893484,0.6903267691,0.0358458897,0.0663,0.0661,0.049292688200000004,-0.00019999999999999185,0.007900000000000004,0.0007262774999999971,0.0141375098,0.0383700984,-0.0034667265027780864
19702.0,72.72,3.1297352530771376,2.578238589580219,2.578238589580219,0.0124184424,0.7933814171,0.0422212725,0.0668,0.0709,-0.041754884,0.004100000000000006,0.0076999999999999985,0.0009582947000000008,0.015678659299999998,0.0376617667,0.0020564859870187066
19703.0,84.21,3.2732927622451475,2.75434970395919,2.75434970395919,0.0050715458000000005,0.7129147605,0.037964517999999996,0.0612,0.068,0.053422008099999994,0.006800000000000007,0.012999999999999998,0.02755356030000001,0.0102975532,0.0373780689,-0.0014062560947512171
19704.0,92.15,3.3855846822944415,2.888312024933154,2.888312024933154,0.002464049,0.6464263577,0.031536473599999996,0.0487,0.0648,0.058372172400000005,0.016099999999999996,0.014800000000000008,0.02886169179999999,0.0135852098,0.0355365775,0.0003199779543678772
19711.0,100.31,3.4800942999857396,2.9557679890008464,2.9557679890008464,0.0014852038,0.6338113825,0.0263900615,0.0338,0.0593,0.0878360166,0.025500000000000002,0.012499999999999997,-0.047005092299999995,0.005870025500000001,0.0354978683,0.004272574466184826
19712.0,99.7,3.4739945860581383,2.930692373614239,2.930692373614239,0.001771371,0.6432210427,0.0271517358,0.0475,0.0641,-0.04432378,0.016600000000000004,0.011099999999999999,0.015283015600000002,0.0141553236,0.03563525,0.004037845395386158
19713.0,98.34,3.4635012649983103,2.896491728037949,2.896491728037949,0.0034939209999999997,0.6460848296,0.027800351299999998,0.0469,0.0598,0.0716662225,0.012900000000000002,0.01150000000000001,-0.029642889800000002,0.005754904599999999,0.035405985699999996,0.0009239814919463091
19714.0,102.09,3.5041772155818185,2.88538860234042,2.88538860234042,0.003711175,0.6439002471,0.0338925733,0.0401,0.0597,0.0163739646,0.019600000000000006,0.011300000000000004,0.0378031691,0.0073539816,0.0358054485,0.004430406073787835
19721.0,107.2,3.5530186870375955,2.9151156777728815,2.9151156777728815,0.0013237135,0.6459019879,0.031749177,0.0373,0.0613,-0.0057754854000000005,0.024,0.009999999999999995,0.0155578507,0.007297604300000001,0.0365985882,0.005413200113432836
19722.0,107.14,3.552458828853708,2.8873894630483035,2.8873894630483035,0.0015177951999999998,0.6540154785,0.034324265,0.0391,0.0607,0.0230793761,0.021599999999999994,0.0097,-0.010157354,0.008053509,0.0367885932,0.0057101876107522875
19723.0,110.55,3.5740657958123547,2.890643165144404,2.890643165144404,0.0016561977,0.6373850011,0.0329921092,0.0466,0.0606,0.0160587701,0.013999999999999999,0.0087,-0.002705483100000001,0.009582751,0.036920741,0.002946671624332882
19724.0,118.05,3.6205362359327014,2.911690145829652,2.911690145829652,0.0018638954,0.5956745946,0.0342805005,0.0507,0.0599,0.0225633296,0.0092,0.008499999999999994,0.0122740598,0.008703522,0.038381202999999996,0.003198746434646337
19731.0,111.52,3.5541830302154604,2.797281334830153,2.797281334830153,0.0033377628999999996,0.6760181281000001,0.0367074041,0.0609,0.0686,-0.0227970485,0.007699999999999992,0.00739999999999999,0.0241706226,0.0195649068,0.0396587846,0.0026417842972740295
19732.0,104.26,3.471314449535722,2.6686487431692867,2.6686487431692867,0.0067596637,0.7209743078,0.0389373757,0.0719,0.071,-0.0080358086,-0.0009000000000000119,0.007599999999999996,0.004599831799999999,0.0199640048,0.04067508,0.003199483105275274
19733.0,108.43,3.4891566140951187,2.6461840199665376,2.6461840199665376,0.0038984545,0.6788089959,0.0343002773,0.0829,0.0703,0.0257195716,-0.0126,0.009999999999999995,-0.0043016578999999985,0.0232443706,0.040717524399999996,-0.0027524729194042287
19734.0,97.55,3.356589635447005,2.481120898093105,2.481120898093105,0.011072830300000001,0.7555884634000001,0.0128410744,0.0745,0.0726,-0.0054164637,-0.001899999999999999,0.008000000000000007,-0.002345238100000001,0.0220583225,0.04040391,0.004681045220809841
19741.0,93.98,3.3018134046050367,2.419623566578059,2.419623566578059,0.0069811136,0.8151840129000001,0.010207058599999999,0.0796,0.0783,-0.039568221699999996,-0.0013000000000000095,0.006099999999999994,0.004598678099999996,0.033026039900000005,0.0397483767,0.0031510112890615026
19742.0,86.0,3.1930494253083017,2.2864371065860634,2.2864371065860634,0.006128292,0.8601587717,0.0078160283,0.079,0.0812,-0.0088710904,0.0021999999999999936,0.008000000000000007,-0.0429041552,0.0264299066,0.039085189,0.007941449953488375
19743.0,63.54,2.8735174263411825,1.9422969175695033,1.9422969175695033,0.0175202536,1.1354401434999999,0.0049844725,0.0806,0.0837,-0.0019757282,0.0030999999999999917,0.009400000000000006,-0.028782412400000002,0.0324904108,0.038095205099999994,0.016107336912999683
19744.0,68.56,2.9412352484518447,2.042782224763711,2.042782224763711,0.0174131755,1.1200181747,0.0089076422,0.0715,0.076,0.09830785759999999,0.004500000000000004,0.0174,-0.005331673499999995,0.0242909277,0.036559211200000004,0.011702894145740956
19751.0,83.36,3.1202558258242172,2.2890021366359745,2.2890021366359745,0.0085988535,0.9724663151999999,0.0206181302,0.0549,0.0824,0.0082363602,0.027500000000000004,0.018100000000000005,0.0393494818,0.0154015525,0.0339180398,0.00533316911458733
19752.0,95.19,3.24484301764387,2.481445894406922,2.481445894406922,0.005474305,0.8498390198000001,0.023140479,0.0534,0.0813,0.0318904935,0.027899999999999994,0.018500000000000003,0.004016870900000004,0.0176877447,0.0327436161,0.006927194547483979
19753.0,83.87,3.120935161346141,2.380285646801193,2.380285646801193,0.0058921647999999995,0.9409482540999999,0.027987410299999998,0.0642,0.0862,-0.0250895198,0.022000000000000006,0.016600000000000004,-0.007700341699999995,0.0186069433,0.0327950334,0.009493827637093121
19754.0,90.19,3.196292098125181,2.427489556321325,2.427489556321325,0.0042980672,0.876338851,0.023597330099999998,0.0544,0.0805,0.0764894577,0.026100000000000005,0.017699999999999994,0.015757692800000014,0.0164573202,0.0328406161,0.011024477144616917
19761.0,102.77,3.321461605017638,2.4737787590626383,2.4737787590626383,0.0044654377,0.7840312172,0.0150003421,0.05,0.0792,0.0321090463,0.029200000000000004,0.016,0.010023378899999998,0.0072071453,0.0331845477,0.010502739849022086
19762.0,104.28,3.3147135699709662,2.422456037540967,2.422456037540967,0.0029151844,0.7814276312,0.0189524473,0.0541,0.0807,0.0064797684,0.02659999999999999,0.012700000000000003,-0.0034410865999999997,0.015481623500000001,0.0333087676,0.011397609875527424
19763.0,105.24,3.2901518023697207,2.399702301679453,2.399702301679453,0.0021223627,0.7913632737,0.0238063844,0.0508,0.0781,0.043986016399999994,0.027300000000000005,0.0102,0.011698521600000004,0.0146605324,0.033752634,0.010147611612960851
19764.0,107.46,3.2685737152459646,2.3835743369587785,2.3835743369587785,0.0029641456,0.779973125,0.0286909817,0.0435,0.0721,0.0766772817,0.0286,0.011400000000000007,-0.00149640320000001,0.0098326973,0.034121985099999995,0.012720581884682673
19771.0,98.42,3.1423250525015067,2.2786907727946097,2.2786907727946097,0.0016960384,0.8684299283,0.0305154829,0.046,0.0772,-0.0348058199,0.031200000000000006,0.0102,0.0116633695,0.0222860839,0.0351271554,0.013950220255578133
19772.0,100.48,3.1283541617956727,2.2662316663946673,2.2662316663946673,0.0021830175,0.8711120812,0.0320407791,0.0502,0.0754,0.0364116455,0.025199999999999993,0.009599999999999997,0.0021567094999999994,0.0201329359,0.035778383399999995,0.016487281489171977
19773.0,96.53,3.0547266078976643,2.198675956400866,2.198675956400866,0.0016403504999999998,0.9422625161,0.0324553673,0.0581,0.0764,0.009724681899999999,0.018299999999999997,0.008799999999999988,0.0011397131000000019,0.012076783999999998,0.03614805,0.014363949731969335
19774.0,95.1,3.005241061523018,2.1670840326064753,2.1670840326064753,0.002740347,0.9603330245,0.0305013731,0.0607,0.0803,-0.016885037,0.0196,0.007999999999999993,0.008637950399999999,0.01139022,0.036963861800000004,0.014206449403259727
19781.0,89.21,2.9140784201971517,2.100397170608933,2.100397170608933,0.0022008019,1.1114925531,0.0275027778,0.0629,0.0831,-0.009687233299999999,0.020199999999999996,0.007500000000000007,0.010025692699999998,0.0198155751,0.0368763887,0.012531243778432913
19782.0,95.53,2.9600527577013183,2.140851565531565,2.140851565531565,0.0038536501,1.0279015812999999,0.016429114499999998,0.0673,0.0865,-0.012458058000000001,0.019199999999999995,0.008400000000000005,0.0016528251000000015,0.0288383696,0.039523567200000005,0.01713987966470219
19783.0,102.54,3.0128468842722773,2.1818374251499693,2.1818374251499693,0.0028001445000000002,0.9722575131,0.012671983400000001,0.0785,0.086,0.025425775600000002,0.007499999999999993,0.007300000000000001,0.0056607085,0.0204106288,0.0403382475,0.011516793655139454
19784.0,96.11,2.9323389297837763,2.05345805165894,2.05345805165894,0.0069465423,1.0457012956,0.0147348054,0.0908,0.0898,-0.014458786000000001,-0.0010000000000000009,0.007800000000000001,-0.0061178304999999975,0.0180055759,0.0410214207,0.01569223934613464
19791.0,101.59,2.9646236067705027,2.0331810698757455,2.0331810698757455,0.0026159273,1.0330789394,0.011541451299999998,0.0948,0.0902,0.0183110637,-0.004599999999999993,0.008899999999999991,-0.0022897202000000012,0.030400151099999998,0.0412717945,0.011183556648498866
19792.0,102.91,2.947455866277772,1.9962270830423363,1.9962270830423363,0.0021425434,1.0578636072,0.0120254544,0.0906,0.0877,0.046161978799999996,-0.0029,0.010900000000000007,-0.0013102880999999941,0.0356550877,0.0404833911,0.01415800217506559
19793.0,109.32,2.9786812527973763,2.011205146027834,2.011205146027834,0.0024472307999999997,1.0137949873999998,0.0092174588,0.1026,0.0927,-0.0240242129,-0.009899999999999992,0.010999999999999996,0.0036671362000000006,0.0312311215,0.0411056973,0.00975939892572265
19794.0,107.94,2.9411093423499928,1.982902477900884,1.982902477900884,0.004617322199999999,1.061950068,0.0103823171,0.1204,0.1012,-0.050232518399999995,-0.019199999999999995,0.013200000000000003,-0.028600503,0.0289548709,0.040559830299999995,0.005648941714433947
19801.0,102.09,2.8525987795174292,1.8986557572399536,1.8986557572399536,0.0084259174,1.0937321031,0.0117867725,0.152,0.1239,-0.1451433348,-0.0281,0.014899999999999997,0.01301819139999999,0.0427559492,0.0403701665,0.005396301482172586
19802.0,114.24,2.943214239270544,2.0342593188866025,2.0342593188866025,0.005626350699999999,0.9901834270000001,0.015228093600000001,0.0707,0.1006,0.2436822412,0.029899999999999996,0.021299999999999986,-0.0014121202000000055,0.0323516233,0.0377419187,0.006785911315966387
19803.0,125.46,3.0171622405095455,2.148229474135431,2.148229474135431,0.0057283949,0.9216876515000001,0.023909795299999998,0.1027,0.1185,-0.11261859560000001,0.015799999999999995,0.01680000000000001,0.005453781100000013,0.0164951388,0.0375447742,0.004304606302710026
19804.0,135.76,3.079908438544635,2.21491100105803,2.21491100105803,0.0075612430000000005,0.8915030239,0.0269436677,0.1549,0.1199,0.0180539824,-0.035,0.01930000000000001,-0.007833842700000001,0.026501567599999998,0.0378569437,-0.004596405721096049
19811.0,136.0,3.0689356775772865,2.23300415915554,2.23300415915554,0.0052042879,0.9249205573999999,0.0280847932,0.1336,0.1248,-0.018192540400000002,-0.008800000000000002,0.020100000000000007,0.0085122261,0.0258147492,0.0379779576,-0.008554577947058821
19812.0,131.21,3.0158245548680966,2.1680824474722544,2.1680824474722544,0.0027492332,0.9504749816,0.028006573700000002,0.1473,0.1304,-0.0108504469,-0.0169,0.02049999999999999,-0.0088756469,0.023295378399999997,0.0382448155,-0.007007729929807183
19813.0,116.18,2.8756756629172253,2.029250593333845,2.029250593333845,0.0056891005000000005,1.0923786442,0.0214963864,0.147,0.1482,-0.0859856274,0.0012000000000000066,0.01429999999999998,-0.0029296823,0.0293400864,0.0386623804,-0.005896287379962131
19814.0,122.55,2.913902255306359,2.076752382254596,2.076752382254596,0.0044880526,1.0611428571,0.012006904799999999,0.1085,0.1334,0.1474914114,0.02489999999999999,0.0232,-0.030843603499999997,0.007866372,0.0390614715,0.003898853965320276
19821.0,111.96,2.8100817397230373,2.0228390363675457,2.0228390363675457,0.0062353902000000004,1.1857505743,0.0056059177,0.1268,0.1387,0.046512333899999994,0.011899999999999994,0.022399999999999975,0.002532850200000006,0.0056719430000000005,0.037592446099999996,-0.0037282166684887465
19822.0,109.61,2.7770691393722613,2.0458015575250426,2.0458015575250426,0.0035919289,1.2015814170999999,0.0012642472,0.1247,0.1412,0.0176163819,0.016499999999999987,0.02109999999999998,-0.008055476999999998,0.0263595661,0.0358052165,-0.0007836098144238662
19823.0,120.42,2.8652781902985076,2.183861349524052,2.183861349524052,0.0095058104,1.0885355649,0.0006764325999999999,0.0792,0.1183,0.20207738170000003,0.039099999999999996,0.026900000000000007,0.011302711799999976,0.0092723505,0.0342287272,0.002128521601561198
19824.0,140.64,3.0161323489112997,2.4093370452181553,2.4093370452181553,0.0141077955,0.9322147265999999,0.0030100517,0.0794,0.1095,0.09635876439999999,0.030100000000000002,0.023099999999999996,0.01302010200000002,-0.0030820031,0.0332308478,0.0026246990947667824
19831.0,152.96,3.0957606796735133,2.5108683727977588,2.5108683727977588,0.0067643203,0.7800677858,0.0060700061,0.0835,0.1083,0.0072219906,0.02479999999999999,0.018799999999999997,0.033213272700000004,0.0034167791999999996,0.032349985899999996,-0.0010431412719665266
19832.0,168.11,3.1844390526986395,2.5917156789887117,2.5917156789887117,0.0039075129,0.721382042,0.0158515384,0.0879,0.1119,-0.0010703089,0.023999999999999994,0.01630000000000001,0.0169999163,0.015972851200000002,0.0325018442,-0.00027723949731128447
19833.0,166.07,3.1622226803960887,2.5246453509909537,2.5246453509909537,0.0047191631,0.714847583,0.023098287999999998,0.09,0.1157,0.0014445914000000002,0.0257,0.011800000000000005,-0.0044694178,0.0123857043,0.033713297,-0.00012234232318299523
19834.0,164.93,3.1426134160361765,2.4643232473456913,2.4643232473456913,0.002479773,0.7003591178,0.0269866108,0.09,0.1197,-0.0010702247999999999,0.029700000000000004,0.011800000000000005,0.0093962319,0.0056271451,0.0355815837,0.0015447974909476789
19841.0,159.18,3.09179660120703,2.3448006115213924,2.3448006115213924,0.0041686702,0.7624754269,0.0239632881,0.0952,0.1253,-0.0095305046,0.030099999999999988,0.01419999999999999,-0.004853281999999999,0.0124916977,0.0363578112,0.0032961543241738916
19842.0,153.18,3.038274857855023,2.246602458243109,2.246602458243109,0.0036443408,0.7843518191,0.0012347683000000001,0.0987,0.1374,-0.047481573,0.0387,0.014999999999999986,0.011034739500000001,0.0110425959,0.0377419429,0.0043974315244418305
19843.0,166.1,3.1070641578895812,2.3055998676621354,2.3055998676621354,0.0049357173,0.7360509153,-0.0094339536,0.1037,0.1235,0.1352862036,0.019799999999999998,0.0169,-0.009926674400000002,0.012204999199999999,0.0385022623,-0.0008853350618904243
19844.0,167.24,3.095236839039007,2.307620471095302,2.307620471095302,0.0035022432,0.7330983765000001,-0.027153039700000003,0.0806,0.117,0.07828589400000001,0.0364,0.012700000000000003,0.01514578779999999,0.0031762109000000004,0.0389127283,0.0016912552948576895
19851.0,180.66,3.1579972645621166,2.399945418965959,2.399945418965959,0.0031834025,0.7236457790999999,-0.024776243599999997,0.0852,0.1181,0.0155543582,0.0329,0.011300000000000004,-0.0037742274999999995,0.0104394565,0.0388157348,0.0012540762503708662
19852.0,191.85,3.2064436523134057,2.508802082165621,2.508802082165621,0.0020352609,0.6864301439,-0.0265893625,0.0695,0.1055,0.1318150701,0.03599999999999999,0.014600000000000002,-0.008541444299999992,0.0109583482,0.0388337499,0.0003289350562939823
19853.0,182.08,3.142659544496851,2.4811789840308958,2.4811789840308958,0.0022141683,0.6899588298,-0.0313067522,0.071,0.1082,0.005318189,0.03720000000000001,0.014099999999999988,0.015463667299999997,0.0068175382,0.037717377999999996,0.0028261580926186303
19854.0,211.28,3.2812709927298327,2.671478042226269,2.671478042226269,0.0030849081,0.5926926882,-0.01950253,0.071,0.0956,0.1334266961,0.02460000000000001,0.014200000000000004,-0.01207399469999998,0.008923287299999999,0.03788436,-0.002102298849753881
19861.0,238.9,3.3903729629012918,2.800518044935114,2.800518044935114,0.0043831832,0.5196276277,-0.016414383799999998,0.0656,0.0766,0.1973157088,0.010999999999999996,0.015,-0.08962832579999998,-0.0042950329,0.0368914881,-0.0012022975443700297
19862.0,250.84,3.428025105660371,2.836287751061474,2.836287751061474,0.005425396,0.4992814574,-0.012165508200000001,0.0621,0.079,-0.00035728480000000003,0.0169,0.0121,0.0070078328,0.0058092696999999995,0.035542612,-8.202797258810395e-05
19863.0,231.32,3.3348016893686374,2.745802168041309,2.745802168041309,0.0078837922,0.5346292671,-0.0049242326,0.0521,0.0827,-0.013366973999999998,0.030599999999999995,0.013099999999999987,0.0323024122,0.007000718100000001,0.0346558677,0.00299671505481584
19864.0,242.17,3.373384444069858,2.81687157191484,2.81687157191484,0.0039837922,0.49843086579999996,-0.0114373941,0.0553,0.0789,0.054470161100000004,0.023599999999999996,0.014799999999999994,0.00036910119999999935,0.0027243834,0.0346734592,-0.0011307298189082056
19871.0,291.7,3.547494171024408,2.961031133052797,2.961031133052797,0.0058615698,0.42804021369999995,-0.0022834681,0.0559,0.0795,0.0135084776,0.023600000000000003,0.012500000000000011,0.005077332499999998,0.0144428655,0.0334032274,0.0014112908865615385
19872.0,304.0,3.5687599687965332,3.048411569549419,3.048411569549419,0.007753561999999999,0.4078923974,0.0051298009,0.0567,0.0877,-0.0480649228,0.031,0.011999999999999997,0.007571308899999997,0.0124618404,0.0339180966,-0.003779492431578947
19873.0,321.83,3.609551664954601,3.0102232396123108,3.0102232396123108,0.0051291190000000006,0.37996672159999995,0.0061874447,0.064,0.0992,-0.0696514675,0.035199999999999995,0.011300000000000004,0.0089556311,0.0131845611,0.0347011521,0.0014601360953018679
19874.0,247.08,3.3690579449798728,2.6475112898982296,2.6475112898982296,0.08458276390000001,0.5088120155,0.013341878500000001,0.0577,0.092,0.0838233134,0.0343,0.011800000000000005,0.002563712100000004,0.0034744843,0.034290794,0.003994851137461548
19881.0,258.89,3.3647497287730466,2.633779459326458,2.633779459326458,0.0127840529,0.5075299538,0.0061311066,0.057,0.0901,0.039231428,0.0331,0.011800000000000005,0.006937219000000001,0.0095159758,0.0342331143,0.00708610744582255
19882.0,273.5,3.388842573347275,2.535372806313768,2.535372806313768,0.0083766423,0.4711188723,-0.005525903299999999,0.0646,0.0917,0.0098050458,0.0271,0.011400000000000007,0.006802362999999997,0.012847236599999999,0.0347560678,0.007257316547349176
19883.0,271.91,3.3583987461256246,2.4817854913249597,2.4817854913249597,0.0044936779,0.4775404537,-0.0047615952000000005,0.0724,0.0917,0.0228115983,0.019299999999999998,0.010800000000000004,0.0038406877000000013,0.015213526100000001,0.0345993282,0.005989681059357873
19884.0,277.72,3.351399515687159,2.459030881404422,2.459030881404422,0.0036076501,0.465283574,-0.0216391556,0.0807,0.0918,0.0217128795,0.011100000000000013,0.010800000000000004,-0.0078354888,0.0058357624,0.0346288503,0.0009815551314993516
19891.0,294.87,3.3859514909232753,2.4692600377454212,2.4692600377454212,0.0034271040000000003,0.4686914136,-0.0232586906,0.0882,0.0929,0.0142614769,0.004699999999999996,0.0087,-0.0007770046000000006,0.0149000337,0.0348796979,0.001583194137141794
19892.0,317.98,3.429844592484973,2.5343511571837896,2.5343511571837896,0.0034581695000000003,0.44056293700000004,-0.0240481981,0.0815,0.0821,0.1147526575,0.0006000000000000033,0.009300000000000003,-0.012875100299999984,0.014677214099999999,0.035030246099999995,-0.0005729841339518205
19893.0,349.15,3.4880655639783824,2.6904486111213504,2.6904486111213504,0.002949468,0.3992097504,-0.0301196286,0.0775,0.0847,-0.0008215812,0.007199999999999998,0.008999999999999994,0.0060362806,0.0072428238,0.0356786926,-0.00565364765380209
19894.0,353.4,3.465170131921834,2.7377745518509062,2.7377745518509062,0.007404141899999999,0.3904547436,-0.012320163600000001,0.0763,0.0816,0.045368022599999995,0.005299999999999999,0.009599999999999997,-0.009953946699999994,0.0087843353,0.0347825589,-0.005490233745840407
19901.0,339.94,3.402198058674169,2.752840315900938,2.752840315900938,0.0049328709000000005,0.47133395640000003,-0.0102703966,0.079,0.0889,-0.0409527073,0.009900000000000006,0.00839999999999999,0.019597932100000003,0.0205388873,0.0349020433,-0.003040537112896393
19902.0,358.02,3.424424669839699,2.8237614778482434,2.8237614778482434,0.0036790492,0.44294943229999995,-0.00047046290000000003,0.0773,0.0864,0.0439323191,0.00910000000000001,0.009599999999999997,-0.0032645126999999996,0.0093053896,0.033962671800000004,-0.002350062708385007
19903.0,306.05,3.253109809306783,2.6445946056040155,2.6445946056040155,0.0091110175,0.520289666,0.0014226454,0.0736,0.0914,-0.0203186155,0.017799999999999996,0.01079999999999999,0.009945165200000002,0.0214697307,0.0338748069,-0.0012182107089854614
19904.0,330.22,3.3073804343769857,2.73917585313008,2.73917585313008,0.0077272522,0.4844968599,-0.0017369336,0.0674,0.0844,0.0824342524,0.017,0.013800000000000007,-0.022955379900000003,0.008268698,0.032935413999999996,-0.004099816233577613
19911.0,375.22,3.4334809630504637,2.8858513151730736,2.8858513151730736,0.0069999515000000005,0.4571255997,0.0033749294,0.0591,0.0844,0.0198999482,0.025300000000000003,0.0116,0.018476192,0.0089485344,0.0318336098,-0.001322016863013701
19912.0,371.16,3.419304066698421,2.9508448393040596,2.9508448393040596,0.0048378338,0.458243743,0.0142929905,0.0557,0.086,0.0076118,0.030299999999999994,0.009499999999999995,0.008310063099999999,0.0073975557,0.0313144651,-0.0016359696567302528
19913.0,387.86,3.4526725270490988,3.0803230277254317,3.0803230277254317,0.0036176636,0.44153183700000004,0.023110661400000003,0.0522,0.079,0.0820558841,0.026799999999999997,0.009000000000000008,-0.009086368400000003,0.0088084511,0.0308229565,-0.003768965233919456
19914.0,417.09,3.5318660741103507,3.2625900636226404,3.2625900636226404,0.0052242317,0.42034441729999994,0.0316383708,0.0407,0.073,0.0725370127,0.032299999999999995,0.009500000000000008,-0.013339805399999995,0.0050964726,0.030481961600000003,-0.005214649109005251
19921.0,403.69,3.489423298577261,3.216253488993091,3.216253488993091,0.0022554278,0.4021060342,0.0417099956,0.0404,0.0797,-0.036607066699999996,0.039299999999999995,0.008999999999999994,0.021498409099999997,0.010131868,0.0301816479,0.00355994852481855
19922.0,408.14,3.5003862946955655,3.1754600490714138,3.1754600490714138,0.0031039919,0.3920423538,0.043040729800000004,0.0366,0.0765,0.0464576576,0.0399,0.008300000000000002,-0.003395183599999997,0.006452401,0.0312183441,0.004044834752986722
19923.0,417.8,3.5181131534814143,3.1424113344879876,3.1424113344879876,0.0021392514999999997,0.3976569721,0.0411823039,0.0291,0.071,0.0661318432,0.04189999999999999,0.006999999999999992,-0.0157578789,0.007835528000000001,0.0316567033,0.00362277581881283
19924.0,435.71,3.560894617175746,3.12781224669454,3.12781224669454,0.0019237917999999998,0.3941096142,0.0388164548,0.0322,0.0726,0.005317232900000001,0.0404,0.008300000000000002,0.0084743129,0.0042387882,0.032395893599999996,0.0005972014512428004
19931.0,451.67,3.5888244617509786,3.125251722835533,3.125251722835533,0.0025004722,0.3336135264,0.0371049432,0.0295,0.0702,0.0666264215,0.0407,0.005699999999999997,-0.012758321500000003,0.0119557292,0.0323528749,0.006136688042247659
19932.0,450.53,3.583097301834052,3.148766374285765,3.148766374285765,0.0023959445000000003,0.32593124760000003,0.04105049,0.0307,0.0668,0.057369669400000003,0.03609999999999999,0.00739999999999999,-0.0206480047,0.0055652149,0.0329716007,0.0034463762042261344
19933.0,458.93,3.601570327311832,3.112872716162031,3.112872716162031,0.001361206,0.32235182149999997,0.0417245057,0.0295,0.0627,0.0638606045,0.03320000000000001,0.0068000000000000005,-0.0204059604,0.0048416587,0.0330733577,0.00516093117079293
19934.0,466.45,3.6130425821346757,3.0591209218721986,3.0591209218721986,0.0011602609,0.30526722289999997,0.045755172000000004,0.0306,0.0654,-0.0145817373,0.0348,0.007599999999999996,0.0073934249,0.0048154909,0.0341831571,0.003250509014974809
19941.0,445.77,3.557414038735003,2.9769977678188986,2.9769977678188986,0.0023416674,0.3074838051,0.0419300092,0.035,0.0725,-0.0591484683,0.03749999999999999,0.006499999999999992,0.012214595000000002,0.0095866902,0.0342107704,0.007448784856369878
19942.0,444.27,3.543867187455706,2.869588491200144,2.869588491200144,0.0029213038,0.3084170767,0.034046194,0.0414,0.0774,-0.03284623,0.036,0.0068000000000000005,0.009034672899999999,0.0054279022,0.0345790558,0.0066614212216084805
19943.0,462.71,3.5775503151714187,2.8291155080152084,2.8291155080152084,0.0016895631,0.2909046586,0.029100024900000004,0.0462,0.08,-0.0066187168000000005,0.033800000000000004,0.006400000000000003,0.0070887652,0.0094439313,0.0348927028,0.0059889477016619504
19944.0,459.27,3.550937743337738,2.708638263453764,2.708638263453764,0.0026997503999999996,0.2915683,0.0166568397,0.056,0.0799,0.020249244399999998,0.023899999999999998,0.006400000000000003,-0.007808625699999997,0.0020069338,0.036080241,0.005010054311479087
19951.0,500.71,3.637326562101245,2.733249722521028,2.733249722521028,0.0012460964,0.31387654190000003,0.01435778,0.0573,0.0755,0.0664002399,0.0182,0.0058,-0.0011356214000000087,0.0113344497,0.037141425,0.003427322260484115
19952.0,544.75,3.707313582710878,2.761398696474297,2.761398696474297,0.0019651265,0.2864296179,0.0081688056,0.0547,0.067,0.11248666789999999,0.012300000000000005,0.006000000000000005,-0.0222369543,0.007256150699999999,0.036951348700000004,0.0030394916216613128
19953.0,584.41,3.7620046691670126,2.8101250519881504,2.8101250519881504,0.001361411,0.2724949976,0.0062588808999999995,0.0528,0.0663,0.024015581600000002,0.013499999999999998,0.006099999999999994,0.0025378614999999986,0.0045847959,0.0367632465,0.0014829469437774856
19954.0,615.93,3.799189628907572,2.897949959269636,2.897949959269636,0.0018545167,0.2550263829,0.0155818028,0.0514,0.0603,0.083728932,0.008899999999999998,0.006699999999999998,-0.016797464400000003,0.0019524923,0.037068534300000004,-0.001545264221827155
19961.0,645.5,3.8238504129025745,2.9424889065815236,2.9424889065815236,0.0043933021000000004,0.2392996154,0.017020473600000002,0.0496,0.0684,-0.0693105857,0.018800000000000004,0.0068000000000000005,0.020825744599999994,0.01429628,0.0375320902,0.0015809665258714172
19962.0,670.63,3.850058137600018,2.955444247971818,2.955444247971818,0.0025019320999999997,0.23644372519999998,0.0274007259,0.0509,0.0703,-0.0019536613,0.0194,0.006900000000000003,0.0033789236999999996,0.0064131297999999995,0.0381338039,0.0025813803884466857
19963.0,687.31,3.84766273125039,2.9492664892527856,2.9492664892527856,0.0041629121,0.22729731809999998,0.0289046502,0.0509,0.0704,0.0165233544,0.019500000000000003,0.006900000000000003,0.003214064300000003,0.0070110503,0.0388903486,0.001514704130597547
19964.0,740.74,3.9062884735798855,2.951035193004638,2.951035193004638,0.0030194647999999998,0.20734272969999998,0.023373236800000002,0.0491,0.0673,0.049348938200000005,0.0182,0.006900000000000003,-0.005777807600000011,0.0050628905,0.039388312599999996,0.0008950773110133099
19971.0,757.12,3.91747953897822,2.934660235558484,2.934660235558484,0.0048363347,0.2147802023,0.020448026299999998,0.0514,0.0723,-0.0324173705,0.020900000000000002,0.0063,0.0103097038,0.0088141403,0.0398166207,0.0012053184575655101
19972.0,885.14,4.067085444373049,3.0832100440258534,3.0832100440258534,0.006986999399999999,0.184287615,0.0103177434,0.0493,0.0688,0.0556385733,0.019500000000000003,0.006099999999999994,-0.004915209099999998,0.0018732434,0.0402094599,-0.0007954573657703856
19973.0,947.28,4.123783027138979,3.148841916752475,3.148841916752475,0.0071014311,0.17796785699999998,0.0148172806,0.0495,0.0649,0.061429312300000004,0.015399999999999997,0.005500000000000005,-0.010674271000000006,0.0056088421,0.0416319546,-0.0021708986981251576
19974.0,970.43,4.137544617809764,3.195884433061569,3.195884433061569,0.0142753058,0.1788008842,0.0157230436,0.0516,0.0602,0.0687137261,0.008599999999999997,0.005600000000000008,-0.022541711699999994,0.0006163189,0.0412894775,-0.003485670006935072
19981.0,1101.75,4.2548233686049315,3.3273422859796256,3.3273422859796256,0.004658976,0.181140396,0.0166294532,0.0503,0.0602,0.01518764,0.009899999999999999,0.006000000000000005,0.0016521335999999994,0.0055744829,0.0419940101,-0.0032671200381892453
19982.0,1133.84,4.263906551627796,3.3705732615080324,3.3705732615080324,0.0046709311,0.178060606,0.0240237086,0.0498,0.0576,0.0441226389,0.007800000000000001,0.006000000000000005,-0.010280110999999995,0.0049280048,0.042566657699999996,-0.0037110062872080726
19983.0,1017.01,4.142702179173243,3.2846704483513967,3.2846704483513967,0.0215331101,0.2032484042,0.0244919569,0.0461,0.0517,0.083485403,0.005600000000000001,0.006900000000000003,-0.038801011399999995,0.0036787252000000004,0.0422316453,-0.0031945022383260743
19984.0,1229.23,4.329131993837967,3.48421792480604,3.48421792480604,0.0103951034,0.1736113154,0.0198549918,0.0439,0.0542,-0.0154720633,0.010299999999999997,0.010100000000000005,0.0239665503,0.0018305721,0.04280141269999999,-0.003650779511446191
19991.0,1286.37,4.359254100045861,3.512043086677689,3.512043086677689,0.0100313511,0.1728971707,0.0203487784,0.0444,0.0592,-0.0412967766,0.0148,0.00910000000000001,0.013197888000000001,0.0067030523,0.0428087875,-0.0024763867061444213
19992.0,1372.71,4.424216689932644,3.5104824144997897,3.5104824144997897,0.008221521899999999,0.1542274468,0.0187029382,0.0457,0.0627,-0.024110627000000003,0.017000000000000008,0.00789999999999999,-0.011527808799999997,0.0072464085,0.04334202,-0.0019993513954739174
19993.0,1282.71,4.34492087093755,3.3734501767951914,3.3734501767951914,0.007045969599999999,0.1636844982,0.019884532,0.0468,0.0646,-0.0046680472,0.017800000000000003,0.00810000000000001,-3.1569599999999726e-05,0.0102097091,0.0435837737,-0.002301907759244881
19994.0,1469.25,4.4776976078190165,3.4177709248506307,3.4177709248506307,0.007379016899999999,0.1471672594,0.0179400266,0.052,0.0682,-0.022679643500000003,0.0162,0.006400000000000003,0.014745018600000003,0.0023805981,0.0428954588,-0.0038903828265611715
20001.0,1498.58,4.493278176997814,3.3814285123830174,3.3814285123830174,0.014885083200000001,0.1499735618,0.0183726337,0.0569,0.0618,0.08832965050000001,0.004900000000000002,0.006900000000000003,-0.06422930700000001,0.0171748878,0.0435747384,-0.00459965331656635
20002.0,1454.6,4.467077508297731,3.3327821553246055,3.3327821553246055,0.0154869284,0.15677796160000002,-0.0029407141999999997,0.0569,0.0622,0.011124841399999998,0.005299999999999999,0.008099999999999996,-0.006833415499999998,0.0069947433,0.044277690300000005,-0.004982282918218065
20003.0,1436.51,4.476355750327685,3.286558838244723,3.286558838244723,0.0047046815,0.15378946289999998,-2.86032e-05,0.06,0.0612,0.025360271400000002,0.0011999999999999997,0.007300000000000001,0.0110269302,0.0075243540000000005,0.0436736054,-0.005460116409009334
20004.0,1320.28,4.396276193067068,3.2735761088698685,3.2735761088698685,0.014139871200000001,0.1518515036,-0.006948919499999999,0.0577,0.0558,0.0767406057,-0.001899999999999999,0.008099999999999996,-0.017987460300000008,0.0017252953,0.042964630999999996,-0.00813429669952434
20011.0,1160.33,4.2857477641745625,3.240066951988588,3.240066951988588,0.0146090222,0.1331135514,-0.0099857318,0.0442,0.0559,0.012064439299999999,0.011699999999999995,0.008599999999999997,0.033949228500000005,0.012613004799999999,0.041752202200000005,-0.00410592789396034
20012.0,1224.42,4.357198974724108,3.5049964723523663,3.5049964723523663,0.0114708573,0.1252094328,0.0130454353,0.0349,0.059,-0.0194513944,0.024099999999999996,0.00789999999999999,0.0251837051,0.0101960562,0.039592052999999995,-0.005191323950683589
20013.0,1040.94,4.191674187077034,3.6046643309424833,3.6046643309424833,0.0122887278,0.1486285882,0.0110660468,0.0264,0.0542,0.0675522539,0.0278,0.008599999999999997,-0.0312834939,0.001671325,0.0383391531,-0.0028900964448632964
20014.0,1148.08,4.28964101787342,3.8394479575055884,3.8394479575055884,0.0072370891,0.1312178459,0.0160697925,0.0169,0.0575,-0.0211326364,0.040600000000000004,0.012800000000000006,0.0359943704,-0.0089884651,0.0365034007,-1.5788945711099796e-05
20021.0,1147.39,4.289675359703148,3.8384418331394023,3.8384418331394023,0.0067665437,0.2368334023,0.0162407742,0.0179,0.0604,-0.0192512993,0.0425,0.013000000000000012,0.0195723381,0.0118582595,0.0348744003,0.003704243090468801
20022.0,989.81,4.122427403079503,3.6113524338440746,3.6113524338440746,0.0101293348,0.2665725018,0.0292383664,0.017,0.0566,0.0620574,0.039599999999999996,0.013200000000000003,-0.017602242999999997,0.0061363793000000005,0.0339975934,0.0026521262979187932
20023.0,815.29,3.9434706490005116,3.3010140512739397,3.3010140512739397,0.0321181932,0.3245551555,0.032365271,0.0163,0.048,0.12306293689999999,0.031700000000000006,0.012499999999999997,-0.033222235899999994,0.0061069523,0.033528485,0.0063570127035668285
20024.0,879.82,4.0023276619146095,3.462263952866238,3.462263952866238,0.0186782487,0.2953858956,0.0285208738,0.0119,0.0484,0.0073677451,0.0365,0.012399999999999994,0.017011891700000004,-0.0005562967,0.0328219422,7.833736580209602e-05
20031.0,848.18,3.9562931120842535,3.3312853166438274,3.3312853166438274,0.013867812,0.28615648899999996,0.0266106119,0.0113,0.049,0.008154918,0.037700000000000004,0.010600000000000005,0.012172078499999999,0.018202398300000002,0.0323537245,0.011163347093720674
20032.0,974.51,4.099086369390221,3.339527230353939,3.339527230353939,0.0072908303,0.2545228375,0.0018514123,0.0092,0.0445,0.0535257809,0.0353,0.012199999999999996,0.0022363853000000045,-0.0027144408,0.032942933199999996,0.008791473860495017
20033.0,995.97,4.095158170620028,3.250983129171457,3.250983129171457,0.0048811605,0.24657520559999999,0.0071991901,0.0094,0.0523,-0.0331744846,0.0429,0.010700000000000001,0.011918186299999998,0.0081654872,0.0334220068,0.010286722611092704
20034.0,1111.92,4.158235764316677,3.127343481579442,3.127343481579442,0.003220976,0.2187695187,0.006712014499999999,0.009,0.0515,-0.0174534279,0.042499999999999996,0.009800000000000003,0.0159365106,-0.0048596112,0.0333758952,0.009544592140564068
20041.0,1126.21,4.134964572187939,3.0753695736171793,3.0753695736171793,0.0035707934,0.27129575100000003,0.012056919,0.0094,0.0474,0.056824134400000004,0.038,0.007800000000000001,-0.007756646700000008,0.0168204015,0.0332409333,0.011185419096287548
20042.0,1140.84,4.116304769444126,3.011493430974487,3.011493430974487,0.0029793060999999997,0.2692736702,0.012324481299999999,0.0127,0.0532,-0.052269681500000005,0.040499999999999994,0.0076999999999999985,0.0008896975000000015,0.0122732124,0.0335471601,0.010673281561032224
20043.0,1114.58,4.063251594831171,2.9597633215243553,2.9597633215243553,0.002925606,0.2787623744,0.009123405400000001,0.0165,0.0488,0.0657461276,0.0323,0.008100000000000003,0.0035728031000000077,0.0010542963,0.0340903461,0.009001025738597498
20044.0,1211.92,4.132628358817776,3.0300800678063426,3.0300800678063426,0.0028157301000000003,0.2605951399,0.0130071853,0.0219,0.0484,0.016430631,0.0265,0.0068000000000000005,0.005240419399999998,0.0021063718,0.0344671074,0.006477383299960393
20051.0,1180.59,4.066800687021383,2.9741058688016606,2.9741058688016606,0.0025157432,0.335022887,0.0092054554,0.0274,0.0488,0.0094949248,0.021400000000000002,0.006600000000000002,-0.006007536800000001,0.0157645822,0.0346455538,0.008002175765578228
20052.0,1191.33,4.0418332041030425,2.933992861555728,2.933992861555728,0.0032274287,0.3424827518,0.0075515947,0.0297,0.0429,0.08594521039999999,0.0132,0.009000000000000001,-0.007789938799999979,0.0062079668999999995,0.0347483977,0.008177168223080927
20053.0,1228.81,4.046912032510808,2.9155474747685153,2.9155474747685153,0.0020065323,0.3329643192,0.0060601379,0.0342,0.0464,-0.030378724399999998,0.012199999999999996,0.009000000000000001,-0.0022380714999999975,0.0221079692,0.0349099275,0.005728371460684728
20054.0,1248.29,4.028537109518617,2.8820351520143257,2.8820351520143257,0.0027908822,0.32834149760000003,0.0037358744,0.0389,0.0461,0.0142266628,0.007200000000000005,0.009500000000000008,-0.002669416899999999,-0.010060362199999999,0.0350107696,0.004253749096996691
