yyyyq,Index,D3,D12,E3,E12,b/m,tbl,AAA,BAA,lty,cay,ntis,Rfree,infl,ltr,corpr,svar,csp,ik,CRSP_SPvw,CRSP_SPvwx
18711,4.61,NaN,0.260,NaN,0.400,NaN,NaN,NaN,NaN,NaN,NaN,NaN,0.0137121984,NaN,NaN,NaN,NaN,NaN,NaN,NaN,NaN
18712,4.82,NaN,0.260,NaN,0.400,NaN,NaN,NaN,NaN,NaN,NaN,NaN,0.0116911615,NaN,NaN,NaN,NaN,NaN,NaN,NaN,NaN
18713,4.84,NaN,0.260,NaN,0.400,NaN,NaN,NaN,NaN,NaN,NaN,NaN,0.0115000405,NaN,NaN,NaN,NaN,NaN,NaN,NaN,NaN
18714,4.74,NaN,0.260,NaN,0.400,NaN,NaN,NaN,NaN,NaN,NaN,NaN,0.0204333210,NaN,NaN,NaN,NaN,NaN,NaN,NaN,NaN
18721,5.04,NaN,0.270,NaN,0.408,NaN,NaN,NaN,NaN,NaN,NaN,NaN,0.0169351781,NaN,NaN,NaN,NaN,NaN,NaN,NaN,NaN
18722,5.13,NaN,0.280,NaN,0.415,NaN,NaN,NaN,NaN,NaN,NaN,NaN,0.0150112699,NaN,NaN,NaN,NaN,NaN,NaN,NaN,NaN
18723,4.95,NaN,0.290,NaN,0.423,NaN,NaN,NaN,NaN,NaN,NaN,NaN,0.0165886669,NaN,NaN,NaN,NaN,NaN,NaN,NaN,NaN
18724,5.07,NaN,0.300,NaN,0.430,NaN,NaN,NaN,NaN,NaN,NaN,NaN,0.0233635493,NaN,NaN,NaN,NaN,NaN,NaN,NaN,NaN
18731,5.11,NaN,0.308,NaN,0.438,NaN,NaN,NaN,NaN,NaN,NaN,NaN,0.0200888051,NaN,NaN,NaN,NaN,NaN,NaN,NaN,NaN
18732,4.98,NaN,0.315,NaN,0.445,NaN,NaN,NaN,NaN,NaN,NaN,NaN,0.0183042008,NaN,NaN,NaN,NaN,NaN,NaN,NaN,NaN
18733,4.59,NaN,0.323,NaN,0.453,NaN,NaN,NaN,NaN,NaN,NaN,NaN,0.0193456236,NaN,NaN,NaN,NaN,NaN,NaN,NaN,NaN
18734,4.42,NaN,0.330,NaN,0.460,NaN,NaN,NaN,NaN,NaN,NaN,NaN,0.0288804095,NaN,NaN,NaN,NaN,NaN,NaN,NaN,NaN
18741,4.73,NaN,0.330,NaN,0.460,NaN,NaN,NaN,NaN,NaN,NaN,NaN,0.0133373358,NaN,NaN,NaN,NaN,NaN,NaN,NaN,NaN
18742,4.46,NaN,0.330,NaN,0.460,NaN,NaN,NaN,NaN,NaN,NaN,NaN,0.0117870740,NaN,NaN,NaN,NaN,NaN,NaN,NaN,NaN
18743,4.54,NaN,0.330,NaN,0.460,NaN,NaN,NaN,NaN,NaN,NaN,NaN,0.0116620917,NaN,NaN,NaN,NaN,NaN,NaN,NaN,NaN
18744,4.54,NaN,0.330,NaN,0.460,NaN,NaN,NaN,NaN,NaN,NaN,NaN,0.0117577280,NaN,NaN,NaN,NaN,NaN,NaN,NaN,NaN
18751,4.59,NaN,0.323,NaN,0.435,NaN,NaN,NaN,NaN,NaN,NaN,NaN,0.0109563587,NaN,NaN,NaN,NaN,NaN,NaN,NaN,NaN
18752,4.38,NaN,0.315,NaN,0.410,NaN,NaN,NaN,NaN,NaN,NaN,NaN,0.0096399323,NaN,NaN,NaN,NaN,NaN,NaN,NaN,NaN
18753,4.37,NaN,0.308,NaN,0.385,NaN,NaN,NaN,NaN,NaN,NaN,NaN,0.0100736822,NaN,NaN,NaN,NaN,NaN,NaN,NaN,NaN
18754,4.37,NaN,0.300,NaN,0.360,NaN,NaN,NaN,NaN,NaN,NaN,NaN,0.0131392991,NaN,NaN,NaN,NaN,NaN,NaN,NaN,NaN
18761,4.51,NaN,0.300,NaN,0.340,NaN,NaN,NaN,NaN,NaN,NaN,NaN,0.0115590685,NaN,NaN,NaN,NaN,NaN,NaN,NaN,NaN
18762,4.15,NaN,0.300,NaN,0.320,NaN,NaN,NaN,NaN,NaN,NaN,NaN,0.0101916180,NaN,NaN,NaN,NaN,NaN,NaN,NaN,NaN
18763,3.69,NaN,0.300,NaN,0.300,NaN,NaN,NaN,NaN,NaN,NaN,NaN,0.0078813594,NaN,NaN,NaN,NaN,NaN,NaN,NaN,NaN
18764,3.58,NaN,0.300,NaN,0.280,NaN,NaN,NaN,NaN,NaN,NaN,NaN,0.0114342845,NaN,NaN,NaN,NaN,NaN,NaN,NaN,NaN
18771,3.17,NaN,0.273,NaN,0.285,NaN,NaN,NaN,NaN,NaN,NaN,NaN,0.0095957286,NaN,NaN,NaN,NaN,NaN,NaN,NaN,NaN
18772,2.73,NaN,0.245,NaN,0.290,NaN,NaN,NaN,NaN,NaN,NaN,NaN,0.0080876113,NaN,NaN,NaN,NaN,NaN,NaN,NaN,NaN
18773,3.24,NaN,0.218,NaN,0.295,NaN,NaN,NaN,NaN,NaN,NaN,NaN,0.0108233920,NaN,NaN,NaN,NaN,NaN,NaN,NaN,NaN
18774,3.25,NaN,0.190,NaN,0.300,NaN,NaN,NaN,NaN,NaN,NaN,NaN,0.0129552607,NaN,NaN,NaN,NaN,NaN,NaN,NaN,NaN
18781,3.24,NaN,0.188,NaN,0.303,NaN,NaN,NaN,NaN,NaN,NaN,NaN,0.0109122503,NaN,NaN,NaN,NaN,NaN,NaN,NaN,NaN
18782,3.41,NaN,0.185,NaN,0.305,NaN,NaN,NaN,NaN,NaN,NaN,NaN,0.0090144541,NaN,NaN,NaN,NaN,NaN,NaN,NaN,NaN
18783,3.52,NaN,0.183,NaN,0.308,NaN,NaN,NaN,NaN,NaN,NaN,NaN,0.0077857246,NaN,NaN,NaN,NaN,NaN,NaN,NaN,NaN
18784,3.45,NaN,0.180,NaN,0.310,NaN,NaN,NaN,NaN,NaN,NaN,NaN,0.0104343526,NaN,NaN,NaN,NaN,NaN,NaN,NaN,NaN
18791,3.65,NaN,0.185,NaN,0.328,NaN,NaN,NaN,NaN,NaN,NaN,NaN,0.0086466855,NaN,NaN,NaN,NaN,NaN,NaN,NaN,NaN
18792,3.96,NaN,0.190,NaN,0.345,NaN,NaN,NaN,NaN,NaN,NaN,NaN,0.0093382524,NaN,NaN,NaN,NaN,NaN,NaN,NaN,NaN
18793,4.22,NaN,0.195,NaN,0.363,NaN,NaN,NaN,NaN,NaN,NaN,NaN,0.0101469976,NaN,NaN,NaN,NaN,NaN,NaN,NaN,NaN
18794,4.92,NaN,0.200,NaN,0.380,NaN,NaN,NaN,NaN,NaN,NaN,NaN,0.0122795666,NaN,NaN,NaN,NaN,NaN,NaN,NaN,NaN
18801,5.30,NaN,0.215,NaN,0.408,NaN,NaN,NaN,NaN,NaN,NaN,NaN,0.0108461495,NaN,NaN,NaN,NaN,NaN,NaN,NaN,NaN
18802,4.79,NaN,0.230,NaN,0.435,NaN,NaN,NaN,NaN,NaN,NaN,NaN,0.0101474421,NaN,NaN,NaN,NaN,NaN,NaN,NaN,NaN
18803,5.18,NaN,0.245,NaN,0.463,NaN,NaN,NaN,NaN,NaN,NaN,NaN,0.0097650217,NaN,NaN,NaN,NaN,NaN,NaN,NaN,NaN
18804,5.84,NaN,0.260,NaN,0.490,NaN,NaN,NaN,NaN,NaN,NaN,NaN,0.0111180838,NaN,NaN,NaN,NaN,NaN,NaN,NaN,NaN
18811,6.24,NaN,0.275,NaN,0.478,NaN,NaN,NaN,NaN,NaN,NaN,NaN,0.0108387895,NaN,NaN,NaN,NaN,NaN,NaN,NaN,NaN
18812,6.58,NaN,0.290,NaN,0.465,NaN,NaN,NaN,NaN,NaN,NaN,NaN,0.0083153665,NaN,NaN,NaN,NaN,NaN,NaN,NaN,NaN
18813,6.25,NaN,0.305,NaN,0.453,NaN,NaN,NaN,NaN,NaN,NaN,NaN,0.0097058851,NaN,NaN,NaN,NaN,NaN,NaN,NaN,NaN
18814,6.01,NaN,0.320,NaN,0.440,NaN,NaN,NaN,NaN,NaN,NaN,NaN,0.0127645884,NaN,NaN,NaN,NaN,NaN,NaN,NaN,NaN
18821,5.78,NaN,0.320,NaN,0.438,NaN,NaN,NaN,NaN,NaN,NaN,NaN,0.0111549464,NaN,NaN,NaN,NaN,NaN,NaN,NaN,NaN
18822,5.68,NaN,0.320,NaN,0.435,NaN,NaN,NaN,NaN,NaN,NaN,NaN,0.0099931121,NaN,NaN,NaN,NaN,NaN,NaN,NaN,NaN
18823,6.24,NaN,0.320,NaN,0.433,NaN,NaN,NaN,NaN,NaN,NaN,NaN,0.0114557512,NaN,NaN,NaN,NaN,NaN,NaN,NaN,NaN
18824,5.84,NaN,0.320,NaN,0.430,NaN,NaN,NaN,NaN,NaN,NaN,NaN,0.0129481892,NaN,NaN,NaN,NaN,NaN,NaN,NaN,NaN
18831,5.75,NaN,0.323,NaN,0.423,NaN,NaN,NaN,NaN,NaN,NaN,NaN,0.0116326264,NaN,NaN,NaN,NaN,NaN,NaN,NaN,NaN
18832,5.82,NaN,0.325,NaN,0.415,NaN,NaN,NaN,NaN,NaN,NaN,NaN,0.0111916805,NaN,NaN,NaN,NaN,NaN,NaN,NaN,NaN
18833,5.53,NaN,0.328,NaN,0.408,NaN,NaN,NaN,NaN,NaN,NaN,NaN,0.0109929944,NaN,NaN,NaN,NaN,NaN,NaN,NaN,NaN
18834,5.34,NaN,0.330,NaN,0.400,NaN,NaN,NaN,NaN,NaN,NaN,NaN,0.0115812973,NaN,NaN,NaN,NaN,NaN,NaN,NaN,NaN
18841,5.30,NaN,0.325,NaN,0.378,NaN,NaN,NaN,NaN,NaN,NaN,NaN,0.0094267428,NaN,NaN,NaN,NaN,NaN,NaN,NaN,NaN
18842,4.46,NaN,0.320,NaN,0.355,NaN,NaN,NaN,NaN,NaN,NaN,NaN,0.0103606898,NaN,NaN,NaN,NaN,NaN,NaN,NaN,NaN
18843,4.59,NaN,0.315,NaN,0.333,NaN,NaN,NaN,NaN,NaN,NaN,NaN,0.0114048692,NaN,NaN,NaN,NaN,NaN,NaN,NaN,NaN
18844,4.34,NaN,0.310,NaN,0.310,NaN,NaN,NaN,NaN,NaN,NaN,NaN,0.0104784638,NaN,NaN,NaN,NaN,NaN,NaN,NaN,NaN
18851,4.38,NaN,0.293,NaN,0.300,NaN,NaN,NaN,NaN,NaN,NaN,NaN,0.0089853433,NaN,NaN,NaN,0.0030835794,NaN,NaN,NaN,NaN
18852,4.30,NaN,0.275,NaN,0.290,NaN,NaN,NaN,NaN,NaN,NaN,NaN,0.0071748997,NaN,NaN,NaN,0.0047006224,NaN,NaN,NaN,NaN
18853,4.65,NaN,0.258,NaN,0.280,NaN,NaN,NaN,NaN,NaN,NaN,NaN,0.0069761438,NaN,NaN,NaN,0.0071185870,NaN,NaN,NaN,NaN
18854,5.20,NaN,0.240,NaN,0.270,NaN,NaN,NaN,NaN,NaN,NaN,NaN,0.0084555428,NaN,NaN,NaN,0.0088361144,NaN,NaN,NaN,NaN
18861,5.19,NaN,0.235,NaN,0.285,NaN,NaN,NaN,NaN,NaN,NaN,NaN,0.0078226497,NaN,NaN,NaN,0.0051089107,NaN,NaN,NaN,NaN
18862,5.25,NaN,0.230,NaN,0.300,NaN,NaN,NaN,NaN,NaN,NaN,NaN,0.0078815408,NaN,NaN,NaN,0.0044145348,NaN,NaN,NaN,NaN
18863,5.51,NaN,0.225,NaN,0.315,NaN,NaN,NaN,NaN,NaN,NaN,NaN,0.0099264385,NaN,NaN,NaN,0.0028368654,NaN,NaN,NaN,NaN
18864,5.64,NaN,0.220,NaN,0.330,NaN,NaN,NaN,NaN,NaN,NaN,NaN,0.0121399433,NaN,NaN,NaN,0.0040982913,NaN,NaN,NaN,NaN
18871,5.67,NaN,0.228,NaN,0.338,NaN,NaN,NaN,NaN,NaN,NaN,NaN,0.0104563662,NaN,NaN,NaN,0.0044901082,NaN,NaN,NaN,NaN
18872,5.73,NaN,0.235,NaN,0.345,NaN,NaN,NaN,NaN,NaN,NaN,NaN,0.0105005501,NaN,NaN,NaN,0.0021968555,NaN,NaN,NaN,NaN
18873,5.38,NaN,0.243,NaN,0.353,NaN,NaN,NaN,NaN,NaN,NaN,NaN,0.0132641252,NaN,NaN,NaN,0.0060354533,NaN,NaN,NaN,NaN
18874,5.27,NaN,0.250,NaN,0.360,NaN,NaN,NaN,NaN,NaN,NaN,NaN,0.0122721798,NaN,NaN,NaN,0.0055760428,NaN,NaN,NaN,NaN
18881,5.08,NaN,0.245,NaN,0.335,NaN,NaN,NaN,NaN,NaN,NaN,NaN,0.0104637150,NaN,NaN,NaN,0.0023553365,NaN,NaN,NaN,NaN
18882,5.01,NaN,0.240,NaN,0.310,NaN,NaN,NaN,NaN,NaN,NaN,NaN,0.0095810490,NaN,NaN,NaN,0.0033101771,NaN,NaN,NaN,NaN
18883,5.38,NaN,0.235,NaN,0.285,NaN,NaN,NaN,NaN,NaN,NaN,NaN,0.0090292807,NaN,NaN,NaN,0.0040871300,NaN,NaN,NaN,NaN
18884,5.14,NaN,0.230,NaN,0.260,NaN,NaN,NaN,NaN,NaN,NaN,NaN,0.0098165890,NaN,NaN,NaN,0.0030979584,NaN,NaN,NaN,NaN
18891,5.19,NaN,0.228,NaN,0.270,NaN,NaN,NaN,NaN,NaN,NaN,NaN,0.0087940346,NaN,NaN,NaN,0.0016990404,NaN,NaN,NaN,NaN
18892,5.41,NaN,0.225,NaN,0.280,NaN,NaN,NaN,NaN,NaN,NaN,NaN,0.0077784888,NaN,NaN,NaN,0.0010297633,NaN,NaN,NaN,NaN
18893,5.50,NaN,0.223,NaN,0.290,NaN,NaN,NaN,NaN,NaN,NaN,NaN,0.0098532560,NaN,NaN,NaN,0.0017688667,NaN,NaN,NaN,NaN
18894,5.32,NaN,0.220,NaN,0.300,NaN,NaN,NaN,NaN,NaN,NaN,NaN,0.0122428359,NaN,NaN,NaN,0.0023763671,NaN,NaN,NaN,NaN
18901,5.28,NaN,0.220,NaN,0.298,NaN,NaN,NaN,NaN,NaN,NaN,NaN,0.0106181817,NaN,NaN,NaN,0.0008227960,NaN,NaN,NaN,NaN
18902,5.58,NaN,0.220,NaN,0.295,NaN,NaN,NaN,NaN,NaN,NaN,NaN,0.0100960863,NaN,NaN,NaN,0.0020360299,NaN,NaN,NaN,NaN
18903,5.32,NaN,0.220,NaN,0.293,NaN,NaN,NaN,NaN,NaN,NaN,NaN,0.0109931316,NaN,NaN,NaN,0.0034168858,NaN,NaN,NaN,NaN
18904,4.60,NaN,0.220,NaN,0.290,NaN,NaN,NaN,NaN,NaN,NaN,NaN,0.0136312453,NaN,NaN,NaN,0.0163453471,NaN,NaN,NaN,NaN
18911,4.81,NaN,0.220,NaN,0.303,NaN,NaN,NaN,NaN,NaN,NaN,NaN,0.0107651759,NaN,NaN,NaN,0.0035077986,NaN,NaN,NaN,NaN
18912,4.85,NaN,0.220,NaN,0.315,NaN,NaN,NaN,NaN,NaN,NaN,NaN,0.0106770129,NaN,NaN,NaN,0.0043233821,NaN,NaN,NaN,NaN
18913,5.33,NaN,0.220,NaN,0.328,NaN,NaN,NaN,NaN,NaN,NaN,NaN,0.0115372212,NaN,NaN,NaN,0.0046664351,NaN,NaN,NaN,NaN
18914,5.41,NaN,0.220,NaN,0.340,NaN,NaN,NaN,NaN,NaN,NaN,NaN,0.0103166354,NaN,NaN,NaN,0.0036259159,NaN,NaN,NaN,NaN
18921,5.58,NaN,0.225,NaN,0.348,NaN,NaN,NaN,NaN,NaN,NaN,NaN,0.0076386441,NaN,NaN,NaN,0.0038910173,NaN,NaN,NaN,NaN
18922,5.54,NaN,0.230,NaN,0.355,NaN,NaN,NaN,NaN,NaN,NaN,NaN,0.0059820588,NaN,NaN,NaN,0.0021172040,NaN,NaN,NaN,NaN
18923,5.48,NaN,0.235,NaN,0.363,NaN,NaN,NaN,NaN,NaN,NaN,NaN,0.0078666313,NaN,NaN,NaN,0.0027832184,NaN,NaN,NaN,NaN
18924,5.51,NaN,0.240,NaN,0.370,NaN,NaN,NaN,NaN,NaN,NaN,NaN,0.0105593643,NaN,NaN,NaN,0.0020947201,NaN,NaN,NaN,NaN
18931,5.31,NaN,0.243,NaN,0.343,NaN,NaN,NaN,NaN,NaN,NaN,NaN,0.0113455313,NaN,NaN,NaN,0.0038586692,NaN,NaN,NaN,NaN
18932,4.61,NaN,0.245,NaN,0.315,NaN,NaN,NaN,NaN,NaN,NaN,NaN,0.0143135816,NaN,NaN,NaN,0.0106673239,NaN,NaN,NaN,NaN
18933,4.37,NaN,0.248,NaN,0.288,NaN,NaN,NaN,NaN,NaN,NaN,NaN,0.0208060835,NaN,NaN,NaN,0.0315693131,NaN,NaN,NaN,NaN
18934,4.41,NaN,0.250,NaN,0.260,NaN,NaN,NaN,NaN,NaN,NaN,NaN,0.0091979888,NaN,NaN,NaN,0.0084890841,NaN,NaN,NaN,NaN
18941,4.51,NaN,0.240,NaN,0.235,NaN,NaN,NaN,NaN,NaN,NaN,NaN,0.0061514492,NaN,NaN,NaN,0.0047151723,NaN,NaN,NaN,NaN
18942,4.34,NaN,0.230,NaN,0.210,NaN,NaN,NaN,NaN,NaN,NaN,NaN,0.0055107182,NaN,NaN,NaN,0.0033890463,NaN,NaN,NaN,NaN
18943,4.48,NaN,0.220,NaN,0.185,NaN,NaN,NaN,NaN,NaN,NaN,NaN,0.0058126937,NaN,NaN,NaN,0.0041693621,NaN,NaN,NaN,NaN
18944,4.30,NaN,0.210,NaN,0.160,NaN,NaN,NaN,NaN,NaN,NaN,NaN,0.0051350447,NaN,NaN,NaN,0.0044651577,NaN,NaN,NaN,NaN
18951,4.19,NaN,0.205,NaN,0.183,NaN,NaN,NaN,NaN,NaN,NaN,NaN,0.0067551885,NaN,NaN,NaN,0.0034971766,NaN,NaN,NaN,NaN
18952,4.70,NaN,0.200,NaN,0.205,NaN,NaN,NaN,NaN,NaN,NaN,NaN,0.0058197733,NaN,NaN,NaN,0.0048095808,NaN,NaN,NaN,NaN
18953,4.82,NaN,0.195,NaN,0.228,NaN,NaN,NaN,NaN,NaN,NaN,NaN,0.0066152240,NaN,NaN,NaN,0.0034381352,NaN,NaN,NaN,NaN
18954,4.32,NaN,0.190,NaN,0.250,NaN,NaN,NaN,NaN,NaN,NaN,NaN,0.0089852781,NaN,NaN,NaN,0.0169448131,NaN,NaN,NaN,NaN
18961,4.38,NaN,0.188,NaN,0.240,NaN,NaN,NaN,NaN,NaN,NaN,NaN,0.0114636261,NaN,NaN,NaN,0.0067309290,NaN,NaN,NaN,NaN
18962,4.32,NaN,0.185,NaN,0.230,NaN,NaN,NaN,NaN,NaN,NaN,NaN,0.0092721192,NaN,NaN,NaN,0.0060517783,NaN,NaN,NaN,NaN
18963,4.01,NaN,0.183,NaN,0.220,NaN,NaN,NaN,NaN,NaN,NaN,NaN,0.0144965532,NaN,NaN,NaN,0.0199602081,NaN,NaN,NaN,NaN
18964,4.22,NaN,0.180,NaN,0.210,NaN,NaN,NaN,NaN,NaN,NaN,NaN,0.0117547634,NaN,NaN,NaN,0.0136903191,NaN,NaN,NaN,NaN
18971,4.19,NaN,0.180,NaN,0.235,NaN,NaN,NaN,NaN,NaN,NaN,NaN,0.0060262646,NaN,NaN,NaN,0.0043721882,NaN,NaN,NaN,NaN
18972,4.27,NaN,0.180,NaN,0.260,NaN,NaN,NaN,NaN,NaN,NaN,NaN,0.0064239093,NaN,NaN,NaN,0.0043428483,NaN,NaN,NaN,NaN
18973,4.98,NaN,0.180,NaN,0.285,NaN,NaN,NaN,NaN,NaN,NaN,NaN,0.0071895815,NaN,NaN,NaN,0.0061962127,NaN,NaN,NaN,NaN
18974,4.75,NaN,0.180,NaN,0.310,NaN,NaN,NaN,NaN,NaN,NaN,NaN,0.0070202126,NaN,NaN,NaN,0.0078402682,NaN,NaN,NaN,NaN
18981,4.65,NaN,0.185,NaN,0.320,NaN,NaN,NaN,NaN,NaN,NaN,NaN,0.0070420217,NaN,NaN,NaN,0.0158459921,NaN,NaN,NaN,NaN
18982,5.06,NaN,0.190,NaN,0.330,NaN,NaN,NaN,NaN,NaN,NaN,NaN,0.0089697795,NaN,NaN,NaN,0.0102695714,NaN,NaN,NaN,NaN
18983,5.26,NaN,0.195,NaN,0.340,NaN,NaN,NaN,NaN,NaN,NaN,NaN,0.0073294777,NaN,NaN,NaN,0.0036464421,NaN,NaN,NaN,NaN
18984,5.65,NaN,0.200,NaN,0.350,NaN,NaN,NaN,NaN,NaN,NaN,NaN,0.0060999065,NaN,NaN,NaN,0.0026624023,NaN,NaN,NaN,NaN
18991,6.40,NaN,0.203,NaN,0.383,NaN,NaN,NaN,NaN,NaN,NaN,NaN,0.0061513324,NaN,NaN,NaN,0.0038971960,NaN,NaN,NaN,NaN
18992,6.07,NaN,0.205,NaN,0.415,NaN,NaN,NaN,NaN,NaN,NaN,NaN,0.0067331702,NaN,NaN,NaN,0.0078348330,NaN,NaN,NaN,NaN
18993,6.37,NaN,0.208,NaN,0.448,NaN,NaN,NaN,NaN,NaN,NaN,NaN,0.0084627195,NaN,NaN,NaN,0.0032737592,NaN,NaN,NaN,NaN
18994,6.02,NaN,0.210,NaN,0.480,NaN,NaN,NaN,NaN,NaN,NaN,NaN,0.0110666598,NaN,NaN,NaN,0.0120907537,NaN,NaN,NaN,NaN
19001,6.26,NaN,0.233,NaN,0.480,NaN,NaN,NaN,NaN,NaN,NaN,NaN,0.0093899253,NaN,NaN,NaN,0.0044922064,NaN,NaN,NaN,NaN
19002,5.86,NaN,0.255,NaN,0.480,NaN,NaN,NaN,NaN,NaN,NaN,NaN,0.0074914035,NaN,NaN,NaN,0.0046882477,NaN,NaN,NaN,NaN
19003,5.80,NaN,0.278,NaN,0.480,NaN,NaN,NaN,NaN,NaN,NaN,NaN,0.0081759328,NaN,NaN,NaN,0.0030378311,NaN,NaN,NaN,NaN
19004,6.87,NaN,0.300,NaN,0.480,NaN,NaN,NaN,NaN,NaN,NaN,NaN,0.0093825581,NaN,NaN,NaN,0.0049418292,NaN,NaN,NaN,NaN
19011,7.51,NaN,0.305,NaN,0.485,NaN,NaN,NaN,NaN,NaN,NaN,NaN,0.0073736656,NaN,NaN,NaN,0.0039204208,NaN,NaN,NaN,NaN
19012,8.50,NaN,0.310,NaN,0.490,NaN,NaN,NaN,NaN,NaN,NaN,NaN,0.0076754769,NaN,NaN,NaN,0.0180501043,NaN,NaN,NaN,NaN
19013,8.00,NaN,0.315,NaN,0.495,NaN,NaN,NaN,NaN,NaN,NaN,NaN,0.0090441502,NaN,NaN,NaN,0.0122704030,NaN,NaN,NaN,NaN
19014,7.95,NaN,0.320,NaN,0.500,NaN,NaN,NaN,NaN,NaN,NaN,NaN,0.0094635208,NaN,NaN,NaN,0.0030520584,NaN,NaN,NaN,NaN
19021,8.20,NaN,0.323,NaN,0.533,NaN,NaN,NaN,NaN,NaN,NaN,NaN,0.0083819616,NaN,NaN,NaN,0.0017024393,NaN,NaN,NaN,NaN
19022,8.41,NaN,0.325,NaN,0.565,NaN,NaN,NaN,NaN,NaN,NaN,NaN,0.0088308439,NaN,NaN,NaN,0.0021190744,NaN,NaN,NaN,NaN
19023,8.85,NaN,0.328,NaN,0.598,NaN,NaN,NaN,NaN,NaN,NaN,NaN,0.0100223958,NaN,NaN,NaN,0.0040845748,NaN,NaN,NaN,NaN
19024,8.05,NaN,0.330,NaN,0.630,NaN,NaN,NaN,NaN,NaN,NaN,NaN,0.0119488437,NaN,NaN,NaN,0.0054869392,NaN,NaN,NaN,NaN
19031,8.08,NaN,0.335,NaN,0.605,NaN,NaN,NaN,NaN,NaN,NaN,NaN,0.0103901719,NaN,NaN,NaN,0.0028561094,NaN,NaN,NaN,NaN
19032,7.18,NaN,0.340,NaN,0.580,NaN,NaN,NaN,NaN,NaN,NaN,NaN,0.0100078010,NaN,NaN,NaN,0.0055744982,NaN,NaN,NaN,NaN
19033,6.47,NaN,0.345,NaN,0.555,NaN,NaN,NaN,NaN,NaN,NaN,NaN,0.0117209440,NaN,NaN,NaN,0.0101527129,NaN,NaN,NaN,NaN
19034,6.57,NaN,0.350,NaN,0.530,NaN,NaN,NaN,NaN,NaN,NaN,NaN,0.0119268000,NaN,NaN,NaN,0.0061622614,NaN,NaN,NaN,NaN
19041,6.48,NaN,0.340,NaN,0.520,NaN,NaN,NaN,NaN,NaN,NaN,NaN,0.0094855959,NaN,NaN,NaN,0.0039518319,NaN,NaN,NaN,NaN
19042,6.51,NaN,0.330,NaN,0.510,NaN,NaN,NaN,NaN,NaN,NaN,NaN,0.0074619877,NaN,NaN,NaN,0.0010182389,NaN,NaN,NaN,NaN
19043,7.32,NaN,0.320,NaN,0.500,NaN,NaN,NaN,NaN,NaN,NaN,NaN,0.0075576248,NaN,NaN,NaN,0.0022750306,NaN,NaN,NaN,NaN
19044,8.25,NaN,0.310,NaN,0.490,NaN,NaN,NaN,NaN,NaN,NaN,NaN,0.0083599108,NaN,NaN,NaN,0.0054237386,NaN,NaN,NaN,NaN
19051,9.05,NaN,0.315,NaN,0.535,NaN,NaN,NaN,NaN,NaN,NaN,NaN,0.0075650654,NaN,NaN,NaN,0.0024355237,NaN,NaN,NaN,NaN
19052,8.60,NaN,0.320,NaN,0.580,NaN,NaN,NaN,NaN,NaN,NaN,NaN,0.0075429769,NaN,NaN,NaN,0.0070278792,NaN,NaN,NaN,NaN
19053,9.23,NaN,0.325,NaN,0.625,NaN,NaN,NaN,NaN,NaN,NaN,NaN,0.0085291102,NaN,NaN,NaN,0.0033689371,NaN,NaN,NaN,NaN
19054,9.54,NaN,0.330,NaN,0.670,NaN,NaN,NaN,NaN,NaN,NaN,NaN,0.0109563354,NaN,NaN,NaN,0.0028046654,NaN,NaN,NaN,NaN
19061,9.56,NaN,0.348,NaN,0.693,NaN,NaN,NaN,NaN,NaN,NaN,NaN,0.0102358100,NaN,NaN,NaN,0.0038326913,NaN,NaN,NaN,NaN
19062,9.30,NaN,0.365,NaN,0.715,NaN,NaN,NaN,NaN,NaN,NaN,NaN,0.0107137984,NaN,NaN,NaN,0.0061656906,NaN,NaN,NaN,NaN
19063,10.03,NaN,0.383,NaN,0.738,NaN,NaN,NaN,NaN,NaN,NaN,NaN,0.0121618306,NaN,NaN,NaN,0.0035979087,NaN,NaN,NaN,NaN
19064,9.84,NaN,0.400,NaN,0.760,NaN,NaN,NaN,NaN,NaN,NaN,NaN,0.0127645884,NaN,NaN,NaN,0.0034956332,NaN,NaN,NaN,NaN
19071,8.35,NaN,0.410,NaN,0.735,NaN,NaN,NaN,NaN,NaN,NaN,NaN,0.0123751117,NaN,NaN,NaN,0.0212022826,NaN,NaN,NaN,NaN
19072,7.84,NaN,0.420,NaN,0.710,NaN,NaN,NaN,NaN,NaN,NaN,NaN,0.0113313492,NaN,NaN,NaN,0.0056702341,NaN,NaN,NaN,NaN
19073,7.45,NaN,0.430,NaN,0.685,NaN,NaN,NaN,NaN,NaN,NaN,NaN,0.0127717850,NaN,NaN,NaN,0.0074072938,NaN,NaN,NaN,NaN
19074,6.57,NaN,0.440,NaN,0.660,NaN,NaN,NaN,NaN,NaN,NaN,NaN,0.0152470963,NaN,NaN,NaN,0.0136992468,NaN,NaN,NaN,NaN
19081,6.87,NaN,0.430,NaN,0.640,NaN,NaN,NaN,NaN,NaN,NaN,NaN,0.0115957636,NaN,NaN,NaN,0.0065040238,NaN,NaN,NaN,NaN
19082,7.64,NaN,0.420,NaN,0.620,NaN,NaN,NaN,NaN,NaN,NaN,NaN,0.0077931487,NaN,NaN,NaN,0.0048911501,NaN,NaN,NaN,NaN
19083,8.17,NaN,0.410,NaN,0.600,NaN,NaN,NaN,NaN,NaN,NaN,NaN,0.0072338028,NaN,NaN,NaN,0.0050539193,NaN,NaN,NaN,NaN
19084,9.03,NaN,0.400,NaN,0.580,NaN,NaN,NaN,NaN,NaN,NaN,NaN,0.0077196324,NaN,NaN,NaN,0.0036030161,NaN,NaN,NaN,NaN
19091,8.92,NaN,0.410,NaN,0.625,NaN,NaN,NaN,NaN,NaN,NaN,NaN,0.0068436233,NaN,NaN,NaN,0.0034020598,NaN,NaN,NaN,NaN
19092,9.80,NaN,0.420,NaN,0.670,NaN,NaN,NaN,NaN,NaN,NaN,NaN,0.0064312939,NaN,NaN,NaN,0.0018475480,NaN,NaN,NaN,NaN
19093,10.19,NaN,0.430,NaN,0.715,NaN,NaN,NaN,NaN,NaN,NaN,NaN,0.0074692785,NaN,NaN,NaN,0.0029275409,NaN,NaN,NaN,NaN
19094,10.30,NaN,0.440,NaN,0.760,NaN,NaN,NaN,NaN,NaN,NaN,NaN,0.0101107960,NaN,NaN,NaN,0.0018577069,NaN,NaN,NaN,NaN
19101,9.96,NaN,0.448,NaN,0.753,NaN,NaN,NaN,NaN,NaN,NaN,NaN,0.0090074080,NaN,NaN,NaN,0.0049087496,NaN,NaN,NaN,NaN
19102,9.10,NaN,0.455,NaN,0.745,NaN,NaN,NaN,NaN,NaN,NaN,NaN,0.0095444436,NaN,NaN,NaN,0.0058535248,NaN,NaN,NaN,NaN
19103,8.91,NaN,0.463,NaN,0.738,NaN,NaN,NaN,NaN,NaN,NaN,NaN,0.0109564394,NaN,NaN,NaN,0.0055602723,NaN,NaN,NaN,NaN
19104,9.05,NaN,0.470,NaN,0.730,NaN,NaN,NaN,NaN,NaN,NaN,NaN,0.0105004219,NaN,NaN,NaN,0.0025852283,NaN,NaN,NaN,NaN
19111,9.32,NaN,0.470,NaN,0.695,NaN,NaN,NaN,NaN,NaN,NaN,NaN,0.0077269962,NaN,NaN,NaN,0.0018282593,NaN,NaN,NaN,NaN
19112,9.67,NaN,0.470,NaN,0.660,NaN,NaN,NaN,NaN,NaN,NaN,NaN,0.0069908767,NaN,NaN,NaN,0.0012064972,NaN,NaN,NaN,NaN
19113,8.67,NaN,0.470,NaN,0.625,NaN,NaN,NaN,NaN,NaN,NaN,NaN,0.0081317138,NaN,NaN,NaN,0.0027446840,NaN,NaN,NaN,NaN
19114,9.11,NaN,0.470,NaN,0.590,NaN,NaN,NaN,NaN,NaN,NaN,NaN,0.0084408023,NaN,NaN,NaN,0.0020041333,NaN,NaN,NaN,NaN
19121,9.30,NaN,0.473,NaN,0.618,NaN,NaN,NaN,NaN,NaN,NaN,NaN,0.0076460080,NaN,NaN,NaN,0.0010572491,NaN,NaN,NaN,NaN
19122,9.58,NaN,0.475,NaN,0.645,NaN,NaN,NaN,NaN,NaN,NaN,NaN,0.0080066737,NaN,NaN,NaN,0.0017223041,NaN,NaN,NaN,NaN
19123,9.86,NaN,0.478,NaN,0.673,NaN,NaN,NaN,NaN,NaN,NaN,NaN,0.0100297501,NaN,NaN,NaN,0.0013120196,NaN,NaN,NaN,NaN
19124,9.38,NaN,0.480,NaN,0.700,NaN,NaN,NaN,NaN,NaN,NaN,NaN,0.0119194414,NaN,NaN,NaN,0.0023627227,NaN,NaN,NaN,NaN
19131,8.80,NaN,0.480,NaN,0.683,NaN,NaN,NaN,NaN,NaN,NaN,NaN,0.0103165665,NaN,NaN,NaN,0.0027106725,NaN,NaN,NaN,NaN
19132,8.12,NaN,0.480,NaN,0.665,NaN,NaN,NaN,NaN,NaN,NaN,NaN,0.0112578364,-0.0000350253,NaN,NaN,0.0039264648,NaN,NaN,NaN,NaN
19133,8.53,NaN,0.480,NaN,0.648,NaN,NaN,NaN,NaN,NaN,NaN,NaN,0.0120664420,0.0203964141,NaN,NaN,0.0017884620,NaN,NaN,NaN,NaN
19134,8.04,NaN,0.480,NaN,0.630,NaN,NaN,NaN,NaN,NaN,NaN,NaN,0.0113754978,0.0066556255,NaN,NaN,0.0022497441,NaN,NaN,NaN,NaN
19141,8.32,NaN,0.465,NaN,0.603,NaN,NaN,NaN,NaN,NaN,NaN,NaN,0.0079256371,-0.0133444305,NaN,NaN,0.0018045436,NaN,NaN,NaN,NaN
19142,8.13,NaN,0.450,NaN,0.575,NaN,NaN,NaN,NaN,NaN,NaN,NaN,0.0073810415,0.0032692945,NaN,NaN,0.0020328921,NaN,NaN,NaN,NaN
19143,7.68,NaN,0.435,NaN,0.548,NaN,NaN,NaN,NaN,NaN,NaN,NaN,0.0117937026,0.0267002701,NaN,NaN,0.0051771146,NaN,NaN,NaN,NaN
19144,7.35,NaN,0.420,NaN,0.520,NaN,NaN,NaN,NaN,NaN,NaN,NaN,0.0109190879,-0.0065681146,NaN,NaN,0.0025860082,NaN,NaN,NaN,NaN
19151,7.57,NaN,0.423,NaN,0.610,NaN,NaN,NaN,NaN,NaN,NaN,NaN,0.0070129302,-0.0198132575,NaN,NaN,0.0030638977,NaN,NaN,NaN,NaN
19152,8.04,NaN,0.425,NaN,0.700,NaN,NaN,NaN,NaN,NaN,NaN,NaN,0.0070497728,0.0167168118,NaN,NaN,0.0083038583,NaN,NaN,NaN,NaN
19153,8.66,NaN,0.428,NaN,0.790,NaN,NaN,NaN,NaN,NaN,NaN,NaN,0.0063355633,0.0032949000,NaN,NaN,0.0040026971,NaN,NaN,NaN,NaN
19154,9.48,NaN,0.430,NaN,0.880,NaN,NaN,NaN,NaN,NaN,NaN,NaN,0.0057758727,0.0196611811,NaN,NaN,0.0037344900,NaN,NaN,NaN,NaN
19161,9.17,NaN,0.463,NaN,1.042,NaN,NaN,NaN,NaN,NaN,NaN,NaN,0.0058200702,0.0192617692,NaN,NaN,0.0033064025,NaN,NaN,NaN,NaN
19162,9.36,NaN,0.495,NaN,1.205,NaN,NaN,NaN,NaN,NaN,NaN,NaN,0.0061882526,0.0251875016,NaN,NaN,0.0039973558,NaN,NaN,NaN,NaN
19163,9.68,NaN,0.528,NaN,1.368,NaN,NaN,NaN,NaN,NaN,NaN,NaN,0.0070791739,0.0306199250,NaN,NaN,0.0023023755,NaN,NaN,NaN,NaN
19164,9.80,NaN,0.560,NaN,1.530,NaN,NaN,NaN,NaN,NaN,NaN,NaN,0.0068656760,0.0356795091,NaN,NaN,0.0082263404,NaN,NaN,NaN,NaN
19171,9.31,NaN,0.593,NaN,1.468,NaN,NaN,NaN,NaN,NaN,NaN,NaN,0.0075870946,0.0401163571,NaN,NaN,0.0074765776,NaN,NaN,NaN,NaN
19172,9.04,NaN,0.625,NaN,1.405,NaN,NaN,NaN,NaN,NaN,NaN,NaN,0.0093163317,0.0764950960,NaN,NaN,0.0042861745,NaN,NaN,NaN,NaN
19173,8.12,NaN,0.658,NaN,1.343,NaN,NaN,NaN,NaN,NaN,NaN,NaN,0.0097135916,0.0228588378,NaN,NaN,0.0052443622,NaN,NaN,NaN,NaN
19174,6.80,NaN,0.690,NaN,1.280,NaN,NaN,NaN,NaN,NaN,NaN,NaN,0.0109417357,0.0325094391,NaN,NaN,0.0185544533,NaN,NaN,NaN,NaN
19181,7.28,NaN,0.660,NaN,1.208,NaN,NaN,NaN,NaN,NaN,NaN,NaN,0.0115372129,0.0241437221,NaN,NaN,0.0046963656,NaN,NaN,NaN,NaN
19182,7.45,NaN,0.630,NaN,1.135,NaN,NaN,NaN,NaN,NaN,NaN,NaN,0.0119341527,0.0495729943,NaN,NaN,0.0031474527,NaN,NaN,NaN,NaN
19183,7.54,NaN,0.600,NaN,1.063,NaN,NaN,NaN,NaN,NaN,NaN,NaN,0.0120443990,0.0672524775,NaN,NaN,0.0020524224,NaN,NaN,NaN,NaN
19184,7.90,NaN,0.570,NaN,0.990,NaN,NaN,NaN,NaN,NaN,NaN,NaN,0.0120149962,0.0484371024,NaN,NaN,0.0054650172,NaN,NaN,NaN,NaN
19191,8.12,NaN,0.560,NaN,0.975,NaN,NaN,0.0539,0.0715,0.0473,NaN,NaN,0.0105667343,-0.0084281674,NaN,NaN,0.0025711081,NaN,NaN,NaN,NaN
19192,9.21,NaN,0.550,NaN,0.960,NaN,NaN,0.0540,0.0704,0.0469,NaN,NaN,0.0109196762,0.0344230841,NaN,NaN,0.0047630487,NaN,NaN,NaN,NaN
19193,9.01,NaN,0.540,NaN,0.945,NaN,NaN,0.0560,0.0727,0.0473,NaN,NaN,0.0108461540,0.0507299750,NaN,NaN,0.0087699001,NaN,NaN,NaN,NaN
19194,8.92,NaN,0.530,NaN,0.930,NaN,NaN,0.0573,0.0777,0.0490,NaN,NaN,0.0112651908,0.0631084754,NaN,NaN,0.0084367354,NaN,NaN,NaN,NaN
19201,8.67,NaN,0.525,NaN,0.898,NaN,0.0475,0.0592,0.0797,0.0509,NaN,NaN,0.0114364923,0.0420093734,NaN,NaN,0.0106596114,NaN,NaN,NaN,NaN
19202,7.92,NaN,0.520,NaN,0.865,NaN,0.0575,0.0638,0.0839,0.0554,NaN,NaN,0.0137185425,0.0602458041,NaN,NaN,0.0074117879,NaN,NaN,NaN,NaN
19203,7.87,NaN,0.515,NaN,0.833,NaN,0.0581,0.0622,0.0814,0.0543,NaN,NaN,0.0145065367,-0.0434762020,NaN,NaN,0.0042797975,NaN,NaN,NaN,NaN
19204,6.81,NaN,0.510,NaN,0.800,NaN,0.0588,0.0626,0.0856,0.0540,NaN,NaN,0.0144484804,-0.0336084235,NaN,NaN,0.0110566028,NaN,NaN,NaN,NaN
19211,6.88,NaN,0.498,NaN,0.673,0.6362196410,0.0538,0.0608,0.0855,0.0527,NaN,NaN,0.0135941272,-0.0558389305,NaN,NaN,0.0040824925,NaN,NaN,NaN,NaN
19212,6.55,NaN,0.485,NaN,0.545,0.7041636231,0.0499,0.0618,0.0856,0.0527,NaN,NaN,0.0127644643,-0.0367619558,NaN,NaN,0.0068394918,NaN,NaN,NaN,NaN
19213,6.61,NaN,0.473,NaN,0.418,0.6781091728,0.0475,0.0593,0.0834,0.0512,NaN,NaN,0.0117270443,-0.0057554250,NaN,NaN,0.0055698277,NaN,NaN,NaN,NaN
19214,7.31,NaN,0.460,NaN,0.290,0.5965346535,0.0390,0.0550,0.0761,0.0447,NaN,NaN,0.0100996304,-0.0133679495,NaN,NaN,0.0025273083,NaN,NaN,NaN,NaN
19221,7.74,NaN,0.473,NaN,0.390,0.5210555867,0.0355,0.0523,0.0745,0.0441,NaN,NaN,0.0093686666,-0.0350456402,NaN,NaN,0.0023685855,NaN,NaN,NaN,NaN
19222,8.45,NaN,0.485,NaN,0.490,0.4993005488,0.0325,0.0508,0.0697,0.0424,NaN,NaN,0.0080807734,0.0019980000,NaN,NaN,0.0036409452,NaN,NaN,NaN,NaN
19223,9.06,NaN,0.498,NaN,0.590,0.4777594728,0.0334,0.0493,0.0675,0.0419,NaN,NaN,0.0080475220,-0.0060421134,NaN,NaN,0.0038166273,NaN,NaN,NaN,NaN
19224,8.78,NaN,0.510,NaN,0.690,0.4726494856,0.0365,0.0508,0.0702,0.0432,NaN,NaN,0.0091693056,0.0140220672,NaN,NaN,0.0048869431,NaN,NaN,NaN,NaN
19231,9.43,NaN,0.515,NaN,0.763,0.5020920502,0.0412,0.0513,0.0709,0.0438,NaN,NaN,0.0095098612,-0.0019980625,NaN,NaN,0.0016169294,NaN,NaN,NaN,NaN
19232,8.34,NaN,0.520,NaN,0.835,0.5837104072,0.0384,0.0515,0.0721,0.0434,NaN,NaN,0.0099169096,0.0118772781,NaN,NaN,0.0067035477,NaN,NaN,NaN,NaN
19233,8.15,NaN,0.525,NaN,0.908,0.5865636012,0.0401,0.0512,0.0738,0.0436,NaN,NaN,0.0098006364,0.0116920151,NaN,NaN,0.0045638956,NaN,NaN,NaN,NaN
19234,8.55,NaN,0.530,NaN,0.980,0.5402010050,0.0388,0.0509,0.0738,0.0435,NaN,NaN,0.0100165700,0.0038722413,NaN,NaN,0.0028125338,NaN,NaN,NaN,NaN
19241,8.70,NaN,0.535,NaN,0.968,0.5945597248,0.0357,0.0510,0.0708,0.0428,NaN,NaN,0.0090446754,-0.0116093194,NaN,NaN,0.0030429277,NaN,NaN,NaN,NaN
19242,8.63,NaN,0.540,NaN,0.955,0.5738300301,0.0244,0.0499,0.0682,0.0398,NaN,NaN,0.0067504910,-0.0039139000,NaN,NaN,0.0025947196,NaN,NaN,NaN,NaN
19243,9.25,NaN,0.545,NaN,0.943,0.5360604886,0.0214,0.0495,0.0673,0.0392,NaN,NaN,0.0049625476,0.0039100477,NaN,NaN,0.0019409779,NaN,NaN,NaN,NaN
19244,10.16,NaN,0.550,NaN,0.930,0.4588830802,0.0257,0.0495,0.0646,0.0396,NaN,NaN,0.0062933880,0.0097484364,NaN,NaN,0.0031429364,NaN,NaN,NaN,NaN
19251,10.39,NaN,0.563,NaN,1.010,0.5224839400,0.0278,0.0491,0.0636,0.0396,NaN,NaN,0.0066675788,-0.0000112384,NaN,NaN,0.0050629977,NaN,NaN,NaN,NaN
19252,10.80,NaN,0.575,NaN,1.090,0.4656133120,0.0286,0.0483,0.0618,0.0379,NaN,NaN,0.0069669011,0.0134634782,NaN,NaN,0.0021081359,NaN,NaN,NaN,NaN
19253,11.51,NaN,0.588,NaN,1.170,0.4252056322,0.0317,0.0487,0.0620,0.0385,NaN,NaN,0.0076901306,0.0094466232,NaN,NaN,0.0023776814,NaN,NaN,NaN,NaN
19254,12.46,NaN,0.600,NaN,1.250,0.3893782714,0.0351,0.0485,0.0615,0.0380,NaN,NaN,0.0088951291,0.0149581149,NaN,NaN,0.0039796906,NaN,NaN,NaN,NaN
19261,11.46,NaN,0.623,NaN,1.248,0.4940908444,0.0314,0.0479,0.0605,0.0371,NaN,NaN,0.0081638564,-0.0093336178,0.0243697065,0.0202309522,0.0083790085,NaN,NaN,-0.0905560500,-0.1010906785
19262,12.32,NaN,0.645,NaN,1.245,0.4534762154,0.0293,0.0472,0.0580,0.0368,NaN,NaN,0.0076402526,-0.0038467260,0.0128448804,0.0145483371,0.0032821799,NaN,NaN,0.1115527425,0.0962016586
19263,13.40,NaN,0.668,NaN,1.242,0.4387129401,0.0342,0.0472,0.0579,0.0372,NaN,NaN,0.0081555545,-0.0095112296,0.0042015200,0.0158827930,0.0030480328,NaN,NaN,0.0858661667,0.0745734151
19264,13.49,NaN,0.690,NaN,1.240,0.4414758270,0.0307,0.0468,0.0568,0.0354,NaN,0.0757883722,0.0083217356,0.0076046027,0.0343688330,0.0211418396,0.0037766488,NaN,NaN,0.0220851785,0.0063947802
19271,13.93,NaN,0.710,NaN,1.208,0.4697651174,0.0320,0.0462,0.0554,0.0331,NaN,0.0565577214,0.0080890832,-0.0208674852,0.0420800598,0.0209427107,0.0020001326,NaN,NaN,0.0506954107,0.0379754978
19272,14.77,NaN,0.730,NaN,1.175,0.4523852494,0.0307,0.0458,0.0555,0.0334,NaN,0.0580269530,0.0081472404,0.0172986307,0.0034228276,0.0087128440,0.0021685508,NaN,NaN,0.0559014829,0.0426838435
19273,17.14,NaN,0.750,NaN,1.143,0.3805860620,0.0268,0.0454,0.0542,0.0330,NaN,0.0872706179,0.0069419451,-0.0191909189,0.0144607484,0.0236306671,0.0032092553,NaN,NaN,0.1773079136,0.1645968038
19274,17.66,NaN,0.770,NaN,1.110,0.3746885899,0.0317,0.0446,0.0532,0.0316,NaN,0.0693646698,0.0077316919,0.0019138379,0.0270378414,0.0192212943,0.0038954253,NaN,NaN,0.0396769510,0.0264186333
19281,19.13,NaN,0.790,NaN,1.177,0.3632548380,0.0327,0.0446,0.0532,0.0317,NaN,0.0440866852,0.0082469868,-0.0116318206,0.0069891912,0.0136573853,0.0032900328,NaN,NaN,0.0844222497,0.0737500031
19282,19.19,NaN,0.810,NaN,1.245,0.3702999477,0.0392,0.0457,0.0555,0.0326,NaN,0.0397888542,0.0095181985,-0.0000492724,-0.0040301174,-0.0087955338,0.0078625421,NaN,NaN,0.0119954069,0.0005723061
19283,21.37,NaN,0.830,NaN,1.312,0.3281658101,0.0457,0.0461,0.0559,0.0346,NaN,0.0124546281,0.0108553016,0.0097333550,-0.0183064338,0.0103135751,0.0040219519,NaN,NaN,0.1049042851,0.0955129081
19284,24.35,NaN,0.850,NaN,1.380,0.2596666667,0.0426,0.0461,0.0560,0.0340,NaN,0.0311730078,0.0109964437,-0.0077482769,0.0165111819,0.0131093490,0.0067764761,NaN,NaN,0.1460634976,0.1337657733
19291,25.53,NaN,0.880,NaN,1.438,0.2723004695,0.0460,0.0470,0.0579,0.0377,NaN,0.0640094893,0.0113534754,-0.0078086818,-0.0386050547,-0.0014507222,0.0089117526,NaN,NaN,0.0522967052,0.0436655944
19292,27.62,NaN,0.910,NaN,1.495,0.2535805819,0.0480,0.0477,0.0594,0.0367,NaN,0.0917481897,0.0122167387,0.0058609638,0.0219738995,0.0017790707,0.0091126026,NaN,NaN,0.0928350044,0.0832728951
19293,30.16,NaN,0.940,NaN,1.552,0.2448682487,0.0458,0.0480,0.0612,0.0375,NaN,0.1202212356,0.0115029146,0.0116618608,-0.0007091800,0.0074176136,0.0085878604,NaN,NaN,0.0952313988,0.0871473550
19294,21.45,NaN,0.970,NaN,1.610,0.3384578236,0.0303,0.0467,0.0595,0.0340,NaN,0.1633504828,0.0090443632,-0.0077407542,0.0532434765,0.0247922077,0.1067661727,NaN,NaN,-0.2664081418,-0.2753741116
19301,25.14,NaN,0.973,NaN,1.450,0.3191191891,0.0295,0.0462,0.0573,0.0335,NaN,0.1280635195,0.0080724211,-0.0136509399,0.0154856197,0.0271238462,0.0050344378,NaN,NaN,0.1651778115,0.1539812263
19302,20.46,NaN,0.975,NaN,1.290,0.4033754529,0.0189,0.0457,0.0578,0.0328,NaN,0.1298093865,0.0060769605,-0.0059692999,0.0174403766,0.0253035067,0.0234792493,NaN,NaN,-0.1757167729,-0.1841906920
19303,18.59,NaN,0.978,NaN,1.130,0.4455832113,0.0177,0.0442,0.0565,0.0324,NaN,0.0989803952,0.0042719395,-0.0140223443,0.0121392327,0.0302843425,0.0136534853,NaN,NaN,-0.0792613251,-0.0897564025
19304,15.34,NaN,0.980,NaN,0.970,0.5547454126,0.0148,0.0452,0.0671,0.0330,NaN,0.1207625256,0.0038475098,-0.0283206866,0.0006606971,-0.0048442217,0.0296369366,NaN,NaN,-0.1669328489,-0.1787314875
19311,16.69,NaN,0.940,NaN,0.880,0.5291250870,0.0138,0.0439,0.0644,0.0332,NaN,0.0976112287,0.0030650825,-0.0354273533,0.0066586404,0.0368940776,0.0121936759,NaN,NaN,0.0951540590,0.0813994075
19312,14.83,NaN,0.900,NaN,0.790,0.6072712745,0.0055,0.0436,0.0736,0.0319,NaN,0.0816993726,0.0024321893,-0.0280341580,0.0236339899,0.0254947669,0.0359995190,NaN,NaN,-0.1023472091,-0.1156414859
19313,9.71,NaN,0.860,NaN,0.700,0.9440016561,0.0045,0.0455,0.0807,0.0353,NaN,0.0562526274,0.0010664768,-0.0088446617,-0.0310205984,0.0049972713,0.0328647457,NaN,NaN,-0.3358140307,-0.3454194715
19314,8.12,NaN,0.820,NaN,0.610,1.1707317073,0.0241,0.0532,0.1042,0.0407,NaN,0.0021137183,0.0048958967,-0.0268509981,-0.0517205398,-0.0815548316,0.0713236502,NaN,NaN,-0.1675926913,-0.1860666009
19321,7.31,NaN,0.740,NaN,0.560,1.1858624454,0.0225,0.0498,0.0883,0.0370,NaN,-0.0067617774,0.0059524144,-0.0392201737,0.0429597072,0.0056957659,0.0550040961,NaN,NaN,-0.0906414628,-0.1064333656
19322,4.43,NaN,0.660,NaN,0.510,2.0284780579,0.0034,0.0541,0.1100,0.0347,NaN,-0.0343569574,0.0014661656,-0.0287256759,0.0472274991,-0.0079819405,0.0712982260,NaN,NaN,-0.3893983723,-0.4030126866
19323,8.08,NaN,0.580,NaN,0.460,1.2143655674,0.0003,0.0470,0.0761,0.0319,NaN,0.0005168085,0.0003249761,-0.0172443540,0.0543903923,0.0796349131,0.0965187211,NaN,NaN,0.8991376054,0.8774606961
19324,6.89,NaN,0.500,NaN,0.410,1.4420843014,0.0004,0.0459,0.0842,0.0315,NaN,-0.0015007409,0.0000499994,-0.0225347690,0.0146141387,0.0288591009,0.0635675028,NaN,NaN,-0.1383883676,-0.1516966371
19331,5.85,NaN,0.485,NaN,0.418,1.4765342960,0.0134,0.0468,0.0891,0.0321,NaN,-0.0183178503,0.0011827086,-0.0385305463,-0.0017922438,0.0042370242,0.0574285206,NaN,NaN,-0.1343943007,-0.1472190294
19332,10.91,NaN,0.470,NaN,0.425,0.8335031588,0.0007,0.0446,0.0707,0.0306,NaN,0.0021687537,0.0006748988,0.0105470712,0.0321380552,0.0686674866,0.0616492174,NaN,NaN,0.8963723511,0.8806583058
19333,9.83,NaN,0.455,NaN,0.433,0.8679966044,0.0004,0.0436,0.0727,0.0308,NaN,0.0018918703,0.0001999869,0.0389038627,0.0049987128,0.0241139604,0.0573200773,NaN,NaN,-0.0919587908,-0.0985494786
19334,10.10,NaN,0.440,NaN,0.440,0.8290260464,0.0029,0.0450,0.0775,0.0336,NaN,0.0127651112,0.0004999512,-0.0050633000,-0.0348947422,0.0042636906,0.0410578941,NaN,NaN,0.0375277695,0.0282021504
19341,10.75,NaN,0.443,NaN,0.453,0.8025122121,0.0024,0.0413,0.0626,0.0307,NaN,0.0152053881,0.0013163333,0.0126487137,0.0543781309,0.0601358466,0.0189664451,NaN,NaN,0.0838434319,0.0746676996
19342,9.81,NaN,0.445,NaN,0.465,0.8407310705,0.0015,0.0393,0.0606,0.0289,NaN,0.0118338247,0.0003833088,0.0024967871,0.0327383559,0.0356015989,0.0145690418,NaN,NaN,-0.0813077922,-0.0888018304
19343,9.10,NaN,0.448,NaN,0.478,0.8703643637,0.0021,0.0396,0.0657,0.0310,NaN,0.0243442157,0.0004582977,0.0173857835,-0.0223326309,0.0032646153,0.0219710659,NaN,NaN,-0.0685459600,-0.0791996917
19344,9.50,NaN,0.450,NaN,0.490,0.7737408689,0.0023,0.0381,0.0623,0.0293,NaN,0.0191934218,0.0006249346,-0.0123182719,0.0334133742,0.0335662190,0.0086470299,NaN,NaN,0.0513703200,0.0411867522
19351,8.47,NaN,0.450,0.180,0.730,0.8007541179,0.0015,0.0367,0.0620,0.0274,NaN,0.0122340430,0.0004499658,0.0197593331,0.0317804665,0.0399501493,0.0088300614,NaN,NaN,-0.1069685836,-0.1170294296
19352,10.23,NaN,0.440,0.190,0.810,0.6818181818,0.0015,0.0361,0.0577,0.0270,NaN,0.0192189515,0.0003749766,0.0023773731,0.0113747957,0.0268200468,0.0089712564,NaN,NaN,0.2172602173,0.2062238038
19353,11.59,NaN,0.440,0.150,0.760,0.6117343845,0.0020,0.0359,0.0553,0.0282,NaN,0.0091799833,0.0004249694,-0.0000237959,-0.0078690651,0.0068533800,0.0076762331,NaN,NaN,0.1421078579,0.1321969589
19354,13.43,NaN,0.470,0.240,0.760,0.5599111913,0.0015,0.0344,0.0530,0.0276,NaN,0.0116817600,0.0004249694,0.0072845399,0.0141558427,0.0195213505,0.0090063468,NaN,NaN,0.1732955936,0.1614927634
19361,14.92,NaN,0.500,0.210,0.790,0.5276960471,0.0020,0.0329,0.0486,0.0275,NaN,0.0117930538,0.0004999583,-0.0096852349,0.0243891822,0.0219561631,0.0087933238,NaN,NaN,0.1241970423,0.1157376850
19362,14.84,NaN,0.550,0.280,0.880,0.5231783880,0.0020,0.0324,0.0490,0.0273,NaN,0.0196119624,0.0004999583,0.0097088000,0.0096297794,0.0148646053,0.0100725476,NaN,NaN,0.0028308048,-0.0068321909
19363,16.01,NaN,0.610,0.210,0.940,0.4915981409,0.0016,0.0318,0.0462,0.0268,NaN,0.0209437900,0.0004249694,0.0144521301,0.0140133835,0.0145596794,0.0051980883,NaN,NaN,0.0939706681,0.0837836654
19364,17.18,NaN,0.720,0.320,1.020,0.4585881045,0.0012,0.0310,0.0453,0.0255,NaN,0.0206408202,0.0002999849,-0.0023838000,0.0249925267,0.0144406772,0.0064884100,NaN,NaN,0.0835608173,0.0670158052
19371,17.92,NaN,0.750,0.300,1.110,0.4586663806,0.0038,0.0332,0.0468,0.0285,NaN,0.0319683188,0.0005832654,0.0166526533,-0.0341107505,-0.0135858341,0.0059608077,NaN,NaN,0.0528124225,0.0460590627
19372,15.40,NaN,0.840,0.340,1.170,0.5049610206,0.0036,0.0328,0.0493,0.0285,NaN,0.0288855726,0.0011081211,0.0117122960,0.0074040728,0.0161845842,0.0118753021,0.0042059432,NaN,-0.1352141069,-0.1448116010
19373,13.76,NaN,0.770,0.260,1.220,0.5531474413,0.0031,0.0328,0.0516,0.0284,NaN,0.0317751564,0.0007332436,0.0161852148,0.0077711342,0.0046988534,0.0205374951,0.0033385337,NaN,-0.1032058533,-0.1130856565
19374,10.55,NaN,0.800,0.230,1.130,0.7074886223,0.0011,0.0321,0.0573,0.0273,NaN,0.0241759710,0.0003333124,-0.0137352276,0.0221538106,0.0202349708,0.0599027977,0.0028331217,NaN,-0.2167569772,-0.2371077677
19381,8.50,NaN,0.780,0.140,0.970,0.8923698838,0.0008,0.0322,0.0630,0.0273,NaN,0.0257642302,0.0002166588,-0.0232882542,0.0071892003,-0.0039379931,0.0316013761,0.0029648264,NaN,-0.1952042719,-0.2035489076
19382,11.56,NaN,0.740,0.140,0.770,0.6595458620,0.0005,0.0326,0.0625,0.0259,NaN,0.0131013714,0.0001583288,-0.0000223549,0.0259025970,0.0244545311,0.0372820078,0.0060859031,NaN,0.3753199753,0.3600954125
19383,12.24,NaN,0.660,0.110,0.620,0.6242488512,0.0008,0.0321,0.0565,0.0259,NaN,0.0066653055,0.0001749948,-0.0000056022,0.0065094600,0.0156385533,0.0283008125,0.0061280147,NaN,0.0650582435,0.0572093266
19384,13.21,NaN,0.510,0.250,0.640,0.5720393884,0.0003,0.0308,0.0527,0.0252,NaN,0.0091546531,0.0000999983,-0.0047562555,0.0145327069,0.0240727011,0.0109403317,0.0041669638,NaN,0.0976343394,0.0860569663
19391,10.98,NaN,0.520,0.210,0.710,0.6606492718,0.0003,0.0299,0.0489,0.0237,NaN,0.0018130880,0.0000749991,-0.0119303305,0.0266215400,0.0108330310,0.0184045642,0.0027148950,NaN,-0.1643322963,-0.1721644231
19392,10.86,NaN,0.530,0.190,0.760,0.6667687361,0.0003,0.0292,0.0491,0.0221,NaN,0.0024447501,0.0000749991,-0.0024125000,0.0263232052,0.0148710198,0.0156937046,0.0041623590,NaN,-0.0039173235,-0.0150147333
19393,13.02,NaN,0.560,0.160,0.810,0.5800479489,0.0014,0.0325,0.0500,0.0278,NaN,0.0024794438,0.0001916584,0.0191393000,-0.0630351514,-0.0253746357,0.0256926588,0.0070891874,NaN,0.2256380654,0.2136144143
19394,12.49,NaN,0.620,0.340,0.900,0.5807053804,0.0004,0.0294,0.0492,0.0226,NaN,0.0051547468,0.0001166644,-0.0095012240,0.0732032309,0.0398351704,0.0038853764,0.0060740339,NaN,-0.0305051955,-0.0465580807
19401,12.25,NaN,0.630,0.300,0.990,0.6479598753,0.0002,0.0284,0.0480,0.0215,NaN,0.0083713072,0.0000416664,0.0023609923,0.0187130288,0.0119446404,0.0025332129,0.0050460313,NaN,-0.0101921416,-0.0200770662
19402,9.98,NaN,0.650,0.240,1.040,0.7832213665,0.0010,0.0296,0.0511,0.0227,NaN,0.0084187766,0.0001499951,0.0047675689,-0.0083543700,0.0006828238,0.0291917865,0.0035129471,NaN,-0.1714737317,-0.1855285415
19403,10.66,NaN,0.670,0.200,1.080,0.7207478890,0.0005,0.0282,0.0466,0.0215,NaN,0.0100719120,0.0001166644,-0.0023837690,0.0191027202,0.0120272435,0.0075613311,0.0044783699,NaN,0.0854966578,0.0707817869
19404,10.58,NaN,0.670,0.310,1.050,0.7290475101,0.0002,0.0271,0.0445,0.0194,NaN,0.0106237847,0.0000499996,0.0047506000,0.0305220958,0.0089050390,0.0078649317,0.0042619728,NaN,0.0142288040,-0.0065066941
19411,9.96,NaN,0.680,0.310,1.060,0.8042698827,0.0011,0.0280,0.0438,0.0206,NaN,0.0078536231,0.0001416618,0.0047281000,-0.0087143459,-0.0010022808,0.0059333133,0.0018550226,NaN,-0.0411538322,-0.0543885448
19412,9.85,NaN,0.690,0.270,1.090,0.8015267176,0.0012,0.0277,0.0431,0.0191,NaN,0.0067224033,0.0002749873,0.0351338425,0.0223380199,0.0191184708,0.0045070171,0.0022238989,NaN,0.0070581362,-0.0114591308
19413,10.20,NaN,0.700,0.300,1.190,0.7782684119,0.0010,0.0275,0.0430,0.0193,NaN,0.0097477803,0.0002916523,0.0316763493,0.0027991552,0.0145680828,0.0028090994,0.0026685511,NaN,0.0482359056,0.0332414788
19414,8.69,NaN,0.710,0.280,1.160,0.8895097332,0.0033,0.0280,0.0438,0.0204,NaN,0.0127769977,0.0005832655,0.0219731965,-0.0068363514,-0.0054355792,0.0089862684,0.0034469828,NaN,-0.1223615064,-0.1455716703
19421,8.01,NaN,0.690,0.190,1.040,1.0348638601,0.0025,0.0286,0.0430,0.0244,NaN,0.0129183793,0.0006415980,0.0343535782,0.0172812598,0.0060982570,0.0064890879,0.0030109638,NaN,-0.0615447911,-0.0753604786
19422,8.30,NaN,0.660,0.210,0.980,0.9967098897,0.0037,0.0285,0.0433,0.0244,NaN,0.0128890436,0.0008832027,0.0187133418,0.0048796235,0.0060100441,0.0051637160,0.0032658448,NaN,0.0544044802,0.0348397097
19423,8.85,NaN,0.620,0.260,0.940,0.9440014664,0.0038,0.0280,0.0426,0.0244,NaN,0.0070277095,0.0009498496,0.0122657708,0.0059085221,0.0075180140,0.0032119932,0.0028007712,NaN,0.0860338034,0.0709194713
19424,9.77,NaN,0.590,0.370,1.030,0.8626465662,0.0038,0.0281,0.0428,0.0246,NaN,0.0019707141,0.0009498496,0.0241894389,0.0037861688,0.0061062418,0.0030330599,0.0051009425,NaN,0.1243993201,0.1012878800
19431,11.58,NaN,0.590,0.230,1.070,0.7834809988,0.0038,0.0276,0.0401,0.0247,NaN,0.0017947627,0.0009498496,0.0176611094,0.0037008685,0.0075139459,0.0029866571,0.0073223493,NaN,0.2013180474,0.1885518926
19432,12.35,NaN,0.590,0.240,1.100,0.7462686567,0.0038,0.0272,0.0388,0.0244,NaN,0.0011835780,0.0009498496,0.0173764546,0.0116416832,0.0145701929,0.0049445872,0.0013497331,NaN,0.0794217291,0.0660362169
19433,12.08,NaN,0.600,0.240,1.080,0.7636311733,0.0038,0.0269,0.0383,0.0246,NaN,0.0145296702,0.0009498496,-0.0076776364,0.0031019898,0.0043055118,0.0046425770,0.0016281149,NaN,-0.0117500068,-0.0223615493
19434,11.67,NaN,0.610,0.230,0.940,0.7874015748,0.0038,0.0274,0.0382,0.0248,NaN,0.0153565904,0.0009498496,0.0038351091,0.0023009000,0.0016864001,0.0036063366,0.0019623979,NaN,-0.0125494410,-0.0296077239
19441,12.02,NaN,0.620,0.220,0.930,0.8138864880,0.0038,0.0274,0.0370,0.0247,NaN,0.0172205083,0.0009498496,-0.0038350161,0.0074178641,0.0102327526,0.0018238471,0.0015918007,NaN,0.0465435247,0.0345975781
19442,12.98,NaN,0.630,0.230,0.920,0.7615581615,0.0038,0.0273,0.0359,0.0248,NaN,0.0162268326,0.0009498496,0.0115127094,0.0049069229,0.0059095034,0.0018004035,0.0027429124,NaN,0.0918378236,0.0773801375
19443,12.78,NaN,0.640,0.220,0.900,0.7723327182,0.0038,0.0272,0.0356,0.0247,NaN,0.0070008663,0.0009498496,0.0094822612,0.0077185536,0.0087245020,0.0025121668,0.0029150307,NaN,-0.0060770334,-0.0160233431
19444,13.28,NaN,0.640,0.260,0.930,0.7437635753,0.0038,0.0270,0.0349,0.0246,NaN,0.0101174142,0.0009498496,0.0037594000,0.0078180121,0.0217090859,0.0018962919,0.0035223172,NaN,0.0656427979,0.0485036529
19451,13.64,NaN,0.650,0.250,0.960,0.7678826431,0.0038,0.0262,0.0338,0.0236,NaN,0.0099852636,0.0009498496,-0.0018779000,0.0226408354,0.0140569829,0.0031944904,0.0040766101,NaN,0.0368756748,0.0264860098
19452,14.96,NaN,0.650,0.270,1.000,0.7188430455,0.0038,0.0261,0.0329,0.0217,NaN,0.0141637685,0.0009498496,0.0187233681,0.0389561542,0.0039002537,0.0029408340,0.0041469851,NaN,0.1141989205,0.1013758178
19453,16.16,NaN,0.660,0.210,0.990,0.6568208317,0.0038,0.0262,0.0324,0.0221,NaN,0.0118723231,0.0009498496,-0.0018535018,-0.0006548807,0.0024973186,0.0055797437,0.0036217464,NaN,0.0845304816,0.0750261545
19454,17.36,NaN,0.660,0.230,0.960,0.6132393344,0.0038,0.0261,0.0310,0.0199,NaN,0.0209598825,0.0009498496,0.0073800663,0.0428767820,0.0197954962,0.0038046579,0.0043280057,NaN,0.0873302752,0.0740515511
19461,18.08,NaN,0.680,0.190,0.900,0.6148526759,0.0038,0.0247,0.0294,0.0198,NaN,0.0279446137,0.0009498496,0.0036360163,0.0067137080,0.0196987480,0.0099809324,0.0036328539,NaN,0.0488001479,0.0396634804
19462,18.43,NaN,0.680,0.210,0.840,0.5967318354,0.0038,0.0249,0.0303,0.0206,NaN,0.0303311896,0.0009498496,0.0218485001,-0.0077865866,-0.0005127455,0.0037614985,0.0030619250,NaN,0.0288988934,0.0197780480
19463,14.96,NaN,0.690,0.260,0.890,0.7116343812,0.0038,0.0258,0.0310,0.0219,NaN,0.0453764676,0.0009498496,0.0927527432,-0.0159420500,-0.0125634675,0.0188083684,0.0026064326,NaN,-0.1868890488,-0.1941574501
19464,15.30,NaN,0.710,0.400,1.060,0.6924379233,0.0038,0.0261,0.0317,0.0212,NaN,0.0535958259,0.0009498496,0.0517678518,0.0164884606,0.0107892935,0.0119814864,0.0017810408,NaN,0.0394585926,0.0251624566
19471,15.17,NaN,0.720,0.400,1.270,0.7415349887,0.0038,0.0255,0.0315,0.0213,NaN,0.0508636352,0.0009498496,0.0199518279,0.0035017375,0.0077069517,0.0057175891,0.0008036463,0.0360430462,-0.0017867127,-0.0124167582
19472,15.21,NaN,0.760,0.380,1.440,0.7411167513,0.0038,0.0255,0.0321,0.0216,NaN,0.0468877419,0.0009498496,0.0045326151,0.0005873778,0.0044056016,0.0066625279,0.0038172362,0.0350892128,0.0112493384,-0.0025609644
19473,15.11,NaN,0.790,0.370,1.550,0.7403233985,0.0080,0.0261,0.0323,0.0213,NaN,0.0440295654,0.0018410981,0.0435565445,0.0099874455,-0.0181472040,0.0040863187,0.0043268967,0.0340529128,0.0055309461,-0.0056295411
19474,15.30,NaN,0.840,0.460,1.610,0.7253256790,0.0095,0.0286,0.0352,0.0243,NaN,0.0291661344,0.0022658090,0.0187667939,-0.0398317361,-0.0172500272,0.0023564222,0.0047609245,0.0348254595,0.0335186732,0.0142531717
19481,15.08,NaN,0.850,0.500,1.710,0.8414221219,0.0100,0.0283,0.0353,0.0241,NaN,0.0271646755,0.0024739794,-0.0001039872,0.0100316713,0.0178819176,0.0048423559,0.0058085148,0.0366345654,-0.0012021550,-0.0143733047
19482,16.74,NaN,0.850,0.530,1.860,0.7869735036,0.0100,0.0276,0.0334,0.0238,NaN,0.0243689712,0.0024989589,0.0283382945,0.0101066770,-0.0037351652,0.0027216002,0.0031442365,0.0349442901,0.1259910814,0.1123091224
19483,15.49,NaN,0.870,0.580,2.070,0.8362310712,0.0109,0.0284,0.0345,0.0242,NaN,0.0196880984,0.0026238508,0.0165346375,-0.0006030103,0.0026720514,0.0060830385,0.0030531024,0.0346856954,-0.0634963543,-0.0751172336
19484,15.20,NaN,0.930,0.680,2.290,0.8409475465,0.0116,0.0279,0.0353,0.0237,NaN,0.0150263121,0.0028486468,-0.0177662480,0.0139518298,0.0241634572,0.0076987257,0.0016330103,0.0352387868,-0.0004475160,-0.0221477736
19491,15.06,NaN,0.980,0.590,2.380,0.9017504235,0.0117,0.0270,0.0347,0.0227,NaN,0.0147718341,0.0029235750,-0.0097757845,0.0206374173,0.0083197701,0.0036761250,0.0027170669,0.0332233994,0.0040291791,-0.0120347323
19492,14.16,NaN,1.020,0.550,2.400,0.9538884243,0.0117,0.0271,0.0347,0.0217,NaN,0.0151913300,0.0029235750,0.0013976384,0.0197522249,0.0145600534,0.0030733641,0.0040919143,0.0316632816,-0.0459310554,-0.0617860969
19493,15.58,NaN,1.040,0.570,2.390,0.8750205468,0.0107,0.0260,0.0337,0.0212,NaN,0.0218940470,0.0026071997,-0.0000376019,0.0133207497,0.0157652669,0.0030861337,0.0026298133,0.0298944651,0.1156196120,0.1002230519
19494,16.76,NaN,1.140,0.610,2.320,0.7964292839,0.0110,0.0258,0.0331,0.0209,NaN,0.0264993791,0.0026904594,-0.0098225527,0.0092248107,-0.0058137340,0.0019928478,0.0042520180,0.0292330227,0.1027928596,0.0743577713
19501,17.29,NaN,1.170,0.640,2.370,0.8255277845,0.0112,0.0258,0.0324,0.0215,NaN,0.0295888023,0.0027570655,-0.0028469647,-0.0032160202,0.0066122757,0.0019435658,0.0045526400,0.0299425287,0.0482115462,0.0319813370
19502,17.69,NaN,1.200,0.720,2.540,0.8134474678,0.0115,0.0262,0.0328,0.0216,NaN,0.0317054399,0.0028819486,0.0113054669,0.0037941253,0.0006969615,0.0070713193,0.0041153743,0.0324562580,0.0356062731,0.0210227317
19503,19.45,NaN,1.330,0.750,2.720,0.7514578547,0.0130,0.0264,0.0321,0.0220,NaN,0.0270593566,0.0030484470,0.0251025769,-0.0003420354,0.0067843877,0.0055847443,0.0040318334,0.0351069665,0.1293398032,0.1071072480
19504,20.41,NaN,1.470,0.730,2.840,0.7225384419,0.0134,0.0267,0.0320,0.0224,NaN,0.0318666022,0.0033398065,0.0231088902,0.0002810931,0.0069062501,0.0065212108,0.0056625153,0.0347022515,0.0845440689,0.0544679427
19511,21.40,NaN,1.520,0.630,2.830,0.7813946002,0.0140,0.0278,0.0323,0.0241,NaN,0.0324946118,0.0034147219,0.0318352235,-0.0173171262,-0.0261489119,0.0034251258,0.0057490293,0.0334754651,0.0616344309,0.0467308726
19512,20.96,NaN,1.560,0.610,2.720,0.8003626772,0.0145,0.0294,0.0349,0.0259,NaN,0.0360789432,0.0037226874,0.0038718480,-0.0192749595,-0.0116763426,0.0032189982,0.0040645158,0.0336540298,-0.0086277766,-0.0233012631
19513,23.26,NaN,1.520,0.540,2.510,0.7161823278,0.0163,0.0284,0.0346,0.0253,NaN,0.0286331951,0.0040056569,0.0077104605,0.0156459270,0.0262505379,0.0021650677,0.0039337103,0.0337433429,0.1279206916,0.1124213056
19514,23.77,NaN,1.410,0.660,2.440,0.7213163466,0.0173,0.0301,0.0361,0.0269,0.0015091730,0.0359930302,0.0040222948,0.0140331763,-0.0186366570,-0.0148305170,0.0028790034,0.0041468933,0.0327600460,0.0396626223,0.0201593215
19521,24.37,NaN,1.420,0.590,2.400,0.7518741186,0.0159,0.0296,0.0351,0.0263,-0.0077318930,0.0319456083,0.0039141117,-0.0063251000,0.0153505835,0.0189162045,0.0020918885,0.0033227299,0.0326317489,0.0445370360,0.0297050072
19522,24.96,NaN,1.450,0.550,2.340,0.7387150879,0.0170,0.0294,0.0350,0.0259,0.0008558640,0.0276712356,0.0041138415,0.0076029831,0.0140476931,0.0043030780,0.0015395943,0.0044307208,0.0327463352,0.0382700704,0.0238289028
19523,24.54,NaN,1.450,0.560,2.360,0.7486789106,0.0171,0.0295,0.0352,0.0277,0.0027478990,0.0309430537,0.0044550210,0.0075267278,-0.0218691820,0.0060958419,0.0010364133,0.0035043688,0.0295582846,-0.0050494395,-0.0177144334
19524,26.57,NaN,1.410,0.700,2.400,0.6940733128,0.0209,0.0297,0.0351,0.0279,-0.0054821340,0.0264257239,0.0047295810,-0.0000015605,0.0045636109,0.0055079667,0.0017150965,0.0034459187,0.0320722164,0.1022760636,0.0843179951
19531,25.29,NaN,1.410,0.620,2.430,0.7624968735,0.0201,0.0312,0.0357,0.0294,-0.0035522240,0.0237857183,0.0049459203,-0.0050188287,-0.0162443481,-0.0152285056,0.0015927153,0.0028973121,0.0335997686,-0.0356490269,-0.0482816734
19532,24.14,NaN,1.420,0.630,2.510,0.7954969060,0.0211,0.0340,0.0386,0.0301,-0.0075070710,0.0272284812,0.0053785079,0.0075267566,-0.0034053246,-0.0171278090,0.0028338969,0.0028537844,0.0335385783,-0.0321285728,-0.0452479695
19533,23.35,NaN,1.420,0.600,2.550,0.8082108771,0.0179,0.0329,0.0388,0.0284,-0.0068617080,0.0255402355,0.0048876685,0.0062274646,0.0330894767,0.0345785036,0.0022887400,0.0026094226,0.0340080372,-0.0229652420,-0.0365916688
19534,24.81,NaN,1.450,0.660,2.510,0.7597009612,0.0160,0.0313,0.0374,0.0274,-0.0052772790,0.0245522600,0.0036810651,-0.0024891450,0.0231144930,0.0326963198,0.0014237256,0.0027933096,0.0332964322,0.0778480606,0.0589259288
19541,26.94,NaN,1.470,0.660,2.550,0.8049158183,0.0103,0.0286,0.0351,0.0278,0.0040301280,0.0219905388,0.0026488222,-0.0000046142,0.0391056589,0.0364720575,0.0011747169,0.0023267380,0.0320350819,0.0997454180,0.0850914834
19542,29.21,NaN,1.450,0.700,2.620,0.7324678440,0.0064,0.0290,0.0349,0.0272,0.0051715850,0.0182961416,0.0019743308,0.0024735514,0.0179357552,-0.0013335100,0.0021363147,0.0018383463,0.0314774581,0.0955817808,0.0826168779
19543,32.31,NaN,1.470,0.610,2.630,0.6777451035,0.0101,0.0289,0.0347,0.0271,0.0089424470,0.0169076788,0.0022075057,-0.0037213195,0.0087420082,0.0098304288,0.0024814238,0.0022077679,0.0321307105,0.1164633707,0.1035842952
19544,35.98,NaN,1.540,0.800,2.770,0.6041197854,0.0115,0.0290,0.0345,0.0272,0.0032753110,0.0259785788,0.0025489076,-0.0037383921,0.0044863304,0.0082210670,0.0025995305,0.0028454745,0.0318091620,0.1345144168,0.1180198286
19551,36.58,NaN,1.560,0.850,2.960,0.6077617769,0.0128,0.0302,0.0348,0.0288,0.0034912100,0.0269507429,0.0030567734,0.0000000000,-0.0232879146,-0.0068855278,0.0056923591,0.0028220555,0.0321613214,0.0295742924,0.0193086522
19552,41.03,NaN,1.570,0.960,3.220,0.5516416323,0.0141,0.0305,0.0351,0.0293,-0.0083488360,0.0243907670,0.0037060371,0.0000000000,-0.0002555155,0.0009946705,0.0020077294,0.0004541982,0.0339434204,0.1316361342,0.1206699056
19553,43.67,NaN,1.620,0.830,3.440,0.5336247911,0.0207,0.0313,0.0359,0.0298,-0.0165949350,0.0247746104,0.0046380403,0.0049766124,-0.0025756498,-0.0003443416,0.0091101812,0.0002063879,0.0353594295,0.0690102188,0.0589141633
19554,45.48,NaN,1.640,0.980,3.620,0.5098280098,0.0254,0.0315,0.0362,0.0295,-0.0101714450,0.0252451043,0.0058359651,-0.0012460845,0.0135715902,0.0111066926,0.0051366365,0.0002437992,0.0359555812,0.0544144607,0.0400008878
19561,48.48,NaN,1.730,0.920,3.690,0.5310771996,0.0225,0.0310,0.0360,0.0303,-0.0116068000,0.0266549308,0.0058110306,-0.0000015490,-0.0069223253,-0.0017631548,0.0033512541,0.0007414979,0.0349038143,0.0756995504,0.0661467412
19562,46.97,NaN,1.800,0.870,3.600,0.5515645927,0.0249,0.0326,0.0376,0.0299,-0.0159613400,0.0254605478,0.0064098111,0.0124053972,0.0136753035,-0.0081483524,0.0037767851,0.0009399364,0.0351024554,-0.0223586969,-0.0320518273
19563,45.35,NaN,1.840,0.690,3.460,0.5719095213,0.0284,0.0356,0.0407,0.0324,-0.0138765390,0.0291299064,0.0064513429,0.0073424999,-0.0344052159,-0.0287424479,0.0025215152,0.0013593543,0.0350349980,-0.0278301395,-0.0369107776
19564,46.67,NaN,1.740,0.930,3.410,0.5441768274,0.0321,0.0375,0.0437,0.0345,-0.0168209710,0.0259687010,0.0075737474,0.0085150191,-0.0287710810,-0.0309793649,0.0043170946,0.0009698413,0.0346058908,0.0412610479,0.0282356380
19571,44.11,NaN,1.730,0.910,3.400,0.5998188749,0.0308,0.0366,0.0443,0.0331,-0.0121476620,0.0262523731,0.0077316948,0.0072448797,0.0346972524,0.0343291261,0.0023279678,0.0010540988,0.0345206530,-0.0419244074,-0.0538473553
19572,47.37,NaN,1.730,0.890,3.420,0.5658765324,0.0329,0.0391,0.0463,0.0361,-0.0115231850,0.0303509904,0.0078397358,0.0119776425,-0.0420088591,-0.0457980739,0.0012765977,0.0021760295,0.0341064053,0.0860261635,0.0756979466
19573,42.42,NaN,1.760,0.740,3.470,0.6241507780,0.0353,0.0412,0.0493,0.0364,-0.0017436040,0.0341100938,0.0083716180,0.0071047616,0.0036695338,-0.0025030560,0.0043268521,0.0011169848,0.0345083703,-0.0952771863,-0.1043194107
19574,39.99,NaN,1.790,0.830,3.370,0.6536757786,0.0304,0.0381,0.0503,0.0323,0.0059908450,0.0346524958,0.0082635580,0.0035273000,0.0802081284,0.1042643298,0.0091715147,0.0006679271,0.0332939654,-0.0528142990,-0.0647434918
19581,42.10,NaN,1.770,0.680,3.140,0.6685916376,0.0130,0.0363,0.0468,0.0321,0.0099352170,0.0287632813,0.0043882037,0.0140420750,0.0117314632,0.0044502564,0.0019898349,0.0001873211,0.0306331873,0.0653920199,0.0541002524
19582,45.24,NaN,1.730,0.680,2.930,0.6246601698,0.0083,0.0357,0.0455,0.0324,0.0132413920,0.0212550839,0.0023906971,0.0034688684,0.0024026302,0.0155766180,0.0017990180,0.0007577182,0.0291489173,0.0849629398,0.0740911004
19583,50.06,NaN,1.730,0.690,2.880,0.5613711966,0.0244,0.0409,0.0487,0.0380,0.0029320240,0.0138495074,0.0041966574,-0.0000013287,-0.0809706388,-0.0559610202,0.0017120072,0.0013977792,0.0285918522,0.1166721301,0.1067466583
19584,55.21,NaN,1.750,0.840,2.890,0.5117793198,0.0277,0.0408,0.0485,0.0382,-0.0031257650,0.0234882472,0.0067174700,-0.0000013287,0.0073956226,0.0153887384,0.0030923294,0.0015858124,0.0295508150,0.1139611814,0.1038761156
19591,55.44,NaN,1.770,0.900,3.110,0.5168602815,0.0280,0.0413,0.0485,0.0403,0.0011999530,0.0248326499,0.0069253309,-0.0000013287,0.0053125309,0.0013836728,0.0019121787,0.0017683065,0.0303389629,0.0164858993,0.0085181189
19592,58.47,NaN,1.790,0.970,3.400,0.4832193909,0.0321,0.0446,0.0504,0.0419,-0.0028690940,0.0267749305,0.0074906157,0.0069084147,-0.0112063442,-0.0241288972,0.0018253147,0.0019170919,0.0311008748,0.0635842619,0.0552451513
19593,56.88,NaN,1.810,0.720,3.430,0.4923378926,0.0404,0.0452,0.0518,0.0429,0.0096333100,0.0303266393,0.0088368368,0.0045726971,-0.0038352898,-0.0067784674,0.0033138096,0.0013970167,0.0318903145,-0.0212642405,-0.0287066797
19594,59.89,NaN,1.830,0.800,3.390,0.4577837965,0.0449,0.0458,0.0528,0.0447,0.0114364860,0.0226665715,0.0105563686,0.0034149000,-0.0130249519,0.0203326116,0.0014167110,0.0009753718,0.0315456512,0.0616514480,0.0521085466
19601,55.34,NaN,1.940,0.900,3.390,0.5497980830,0.0331,0.0449,0.0525,0.0411,0.0063004060,0.0253992895,0.0096675486,-0.0000012928,0.0609260431,0.0431884259,0.0030022775,0.0003609823,0.0325456261,-0.0691375366,-0.0769727555
19602,56.92,NaN,1.950,0.840,3.260,0.5291748619,0.0246,0.0445,0.0526,0.0407,0.0116719690,0.0241805308,0.0074738674,0.0079357892,0.0152059897,0.0097440551,0.0015674427,-0.0000042243,0.0328005671,0.0390254162,0.0301189502
19603,53.52,NaN,1.950,0.730,3.270,0.5843417106,0.0248,0.0425,0.0501,0.0387,0.0113987150,0.0282377947,0.0058941985,0.0011268000,0.0375773408,0.0311631757,0.0033259927,-0.0011943574,0.0317368975,-0.0512801443,-0.0591400703
19604,58.11,NaN,1.950,0.800,3.270,0.5504229651,0.0225,0.0435,0.0510,0.0380,0.0132604380,0.0227400156,0.0057611288,0.0056198355,0.0182567356,0.0041298618,0.0021012172,-0.0013625136,0.0313569811,0.0956235921,0.0854303233
19611,65.06,NaN,1.940,0.720,3.090,0.5466798694,0.0239,0.0422,0.0502,0.0397,0.0098112620,0.0227859992,0.0058692485,0.0000000000,0.0053523818,0.0331060787,0.0016816656,-0.0012149657,0.0304981635,0.1313095588,0.1230292858
19612,64.64,NaN,1.940,0.780,3.030,0.5408211006,0.0233,0.0433,0.0503,0.0404,0.0109807960,0.0225149702,0.0057528136,0.0011192000,-0.0007042532,-0.0147027853,0.0019273825,-0.0011481273,0.0309607428,0.0007549437,-0.0065802743
19613,66.73,NaN,1.960,0.750,3.050,0.5275167211,0.0228,0.0445,0.0512,0.0403,0.0011444600,0.0255482711,0.0057528098,0.0055797761,0.0125826584,0.0166243763,0.0018358937,-0.0022923683,0.0310269551,0.0396267449,0.0317551104
19614,71.55,NaN,2.020,0.940,3.190,0.5059222584,0.0260,0.0442,0.0510,0.0415,-0.0013428330,0.0229194033,0.0061436891,0.0000000000,-0.0074777725,0.0128951675,0.0009907661,-0.0022107435,0.0318749430,0.0797273088,0.0708895207
19621,69.55,NaN,2.040,0.900,3.370,0.5457245916,0.0272,0.0439,0.0504,0.0398,-0.0005555090,0.0246977834,0.0068006194,0.0044444273,0.0344103852,0.0285415482,0.0013507473,-0.0028841357,0.0323969533,-0.0213036723,-0.0282046323
19622,54.75,NaN,2.060,0.880,3.470,0.6873574686,0.0273,0.0428,0.0502,0.0401,0.0129690970,0.0270909651,0.0067839901,0.0022124000,0.0051401533,0.0115630800,0.0168614595,-0.0027952766,0.0331163557,-0.2064254721,-0.2132159500
19623,56.27,NaN,2.080,0.810,3.530,0.6663442606,0.0278,0.0432,0.0503,0.0398,0.0145089850,0.0298655378,0.0070916080,0.0077171357,0.0137425066,0.0217922791,0.0037957782,-0.0029218017,0.0332738615,0.0353022599,0.0264463966
19624,63.10,NaN,2.130,1.080,3.670,0.5916270511,0.0287,0.0424,0.0492,0.0395,0.0079151720,0.0193209516,0.0070250985,-0.0021941951,0.0140544517,0.0153721570,0.0052707734,-0.0027965748,0.0327760006,0.1348201228,0.1230488048
19631,66.57,NaN,2.150,0.940,3.710,0.5875285706,0.0289,0.0419,0.0488,0.0401,0.0024124940,0.0137527516,0.0072578800,0.0032949122,0.0016005499,0.0108349253,0.0014518384,-0.0029958802,0.0324704732,0.0624945997,0.0542157958
19632,69.37,NaN,2.200,1.010,3.840,0.5672815754,0.0299,0.0423,0.0484,0.0407,0.0000140000,0.0177811388,0.0073410095,0.0043716000,0.0029993248,0.0039741247,0.0008869145,-0.0027715822,0.0332590138,0.0498695988,0.0416243898
19633,71.70,NaN,2.210,0.930,3.960,0.5472236248,0.0338,0.0431,0.0484,0.0410,0.0039162230,0.0104586385,0.0082220487,0.0043526000,0.0056085926,0.0039952875,0.0011866160,-0.0015243919,0.0339841746,0.0406670215,0.0331247541
19634,75.02,NaN,2.280,1.140,4.020,0.5255914542,0.0352,0.0435,0.0485,0.0417,0.0038048730,0.0089383870,0.0087289541,0.0043395741,0.0018852480,0.0029855650,0.0038872643,-0.0014968686,0.0347854580,0.0570301427,0.0470695801
19641,78.98,NaN,2.330,1.100,4.180,0.5236754417,0.0354,0.0438,0.0483,0.0424,0.0011680560,0.0176860417,0.0088120452,0.0010793313,0.0011922957,0.0078592687,0.0003697520,-0.0018579462,0.0353031508,0.0628374918,0.0553370489
19642,81.69,NaN,2.380,1.160,4.330,0.5122068551,0.0348,0.0441,0.0485,0.0419,-0.0049611930,0.0203454407,0.0086791001,0.0032368261,0.0166905921,0.0145694694,0.0008783832,-0.0019886295,0.0358344330,0.0416223453,0.0339442140
19643,84.18,NaN,2.440,1.070,4.470,0.4865371214,0.0353,0.0442,0.0482,0.0421,-0.0011967400,0.0202928340,0.0087289544,0.0032239949,0.0078156080,0.0110379704,0.0007953304,-0.0019531682,0.0366548468,0.0376960151,0.0304473914
19644,84.75,NaN,2.500,1.220,4.550,0.4872273003,0.0384,0.0444,0.0481,0.0423,-0.0033275030,0.0230537569,0.0091942164,0.0042883339,0.0090253319,0.0134384624,0.0007511229,-0.0023805734,0.0369887810,0.0155675524,0.0067763072
19651,86.16,NaN,2.550,1.230,4.680,0.4694899050,0.0393,0.0442,0.0478,0.0422,-0.0019810290,0.0191472669,0.0097092681,0.0010678000,0.0108347902,0.0102180987,0.0007036296,-0.0021373681,0.0390081749,0.0259574891,0.0187192668
19652,84.12,NaN,2.610,1.320,4.840,0.4808589565,0.0380,0.0446,0.0485,0.0423,0.0066147360,0.0175507803,0.0096677360,0.0106508036,0.0101318905,0.0015987095,0.0023258982,-0.0023808197,0.0399167555,-0.0160294341,-0.0235559317
19653,89.96,NaN,2.660,1.210,4.980,0.4485374713,0.0392,0.0452,0.0491,0.0433,-0.0042534370,0.0168400361,0.0096511245,0.0010509352,-0.0025059103,-0.0002030883,0.0009285013,-0.0013951451,0.0408129037,0.0773197067,0.0696765140
19654,92.43,NaN,2.720,1.430,5.190,0.4306378062,0.0438,0.0468,0.0502,0.0450,0.0000220000,0.0207685125,0.0103985998,0.0063213781,-0.0112893094,-0.0160094393,0.0006311635,-0.0008128875,0.0418833124,0.0354469328,0.0263704337
19661,89.23,NaN,2.780,1.380,5.340,0.4901759356,0.0459,0.0492,0.0532,0.0460,0.0056209730,0.0167283301,0.0115029181,0.0094092618,-0.0065801440,-0.0149710233,0.0014198779,-0.0004888765,0.0429885120,-0.0300079819,-0.0369736806
19662,84.74,NaN,2.830,1.440,5.460,0.5209746006,0.0450,0.0507,0.0558,0.0477,0.0085201070,0.0170778592,0.0114448043,0.0082934226,-0.0137433695,0.0016927099,0.0027879474,-0.0006660165,0.0428811809,-0.0419869637,-0.0499080554
19663,76.56,NaN,2.890,1.260,5.510,0.5854924957,0.0537,0.0549,0.0609,0.0480,0.0097843960,0.0168583351,0.0125818528,0.0102784723,0.0081719905,-0.0279226602,0.0057793295,-0.0017065219,0.0426410965,-0.0886182489,-0.0965034078
19664,80.33,NaN,2.870,1.470,5.550,0.5769451056,0.0496,0.0539,0.0618,0.0455,-0.0002229440,0.0171859796,0.0129967740,0.0050880290,0.0492790237,0.0446311608,0.0039481349,-0.0000498789,0.0417958033,0.0603589723,0.0499184579
19671,90.20,NaN,2.900,1.280,5.450,0.5495507979,0.0426,0.0513,0.0585,0.0455,-0.0071215260,0.0149309027,0.0112621299,0.0030400520,0.0126202613,0.0359762473,0.0016470279,0.0007180707,0.0402305647,0.1319817834,0.1229577960
19672,90.64,NaN,2.900,1.320,5.330,0.5532048450,0.0354,0.0544,0.0615,0.0507,-0.0070701360,0.0101498626,0.0091360572,0.0080778221,-0.0630604509,-0.0538989316,0.0027981698,0.0017294553,0.0394886785,0.0137640594,0.0057608405
19673,96.71,NaN,2.920,1.230,5.300,0.5135648458,0.0442,0.0565,0.0640,0.0517,-0.0111864640,0.0055949699,0.0107307774,0.0100109736,-0.0020564572,0.0128290630,0.0008736088,0.0022640229,0.0387304740,0.0745149724,0.0665143840
19674,96.47,NaN,2.920,1.500,5.330,0.5257924451,0.0497,0.0619,0.0693,0.0556,-0.0160715460,0.0142490269,0.0118598305,0.0089241157,-0.0407452672,-0.0425282831,0.0016705841,0.0029522247,0.0389886942,0.0053507877,-0.0030451017
19681,90.20,NaN,2.950,1.390,5.440,0.5668098065,0.0517,0.0611,0.0685,0.0560,-0.0100353920,0.0125701303,0.0125985017,0.0117869738,0.0075686547,0.0194468787,0.0026992452,0.0034032192,0.0396712426,-0.0586293170,-0.0661453288
19682,99.58,NaN,2.990,1.450,5.570,0.5307418133,0.0552,0.0628,0.0707,0.0534,-0.0158622390,0.0120487856,0.0137683435,0.0116476875,0.0507208550,0.0203131474,0.0024936106,0.0026268741,0.0384159123,0.1127878445,0.1041400267
19683,102.67,NaN,3.030,1.320,5.660,0.5091954391,0.0519,0.0597,0.0679,0.0531,-0.0062008630,0.0182862723,0.0129636087,0.0105570930,0.0180996984,0.0498088270,0.0013412540,0.0024118186,0.0384078646,0.0380639968,0.0302979380
19684,103.86,NaN,3.070,1.600,5.760,0.5049006623,0.0596,0.0645,0.0723,0.0598,-0.0138851470,0.0319477245,0.0139341823,0.0123416008,-0.0746021794,-0.0606474453,0.0008653440,0.0023475611,0.0390149605,0.0193043928,0.0113806682
19691,101.51,NaN,3.100,1.450,5.820,0.5570402360,0.0602,0.0685,0.0751,0.0620,-0.0040129660,0.0394182212,0.0151947852,0.0149910972,-0.0155030065,-0.0222759520,0.0017439976,0.0022973853,0.0396135499,-0.0164047497,-0.0238602633
19692,97.71,NaN,3.130,1.470,5.840,0.5967773337,0.0644,0.0698,0.0770,0.0623,0.0004462800,0.0451398591,0.0154517738,0.0156951208,0.0128281048,0.0135746884,0.0017295466,0.0011927635,0.0394705334,-0.0290683972,-0.0373245452
19693,93.12,NaN,3.150,1.370,5.890,0.6408884625,0.0709,0.0714,0.0805,0.0677,-0.0063339940,0.0483170481,0.0175071481,0.0136424726,-0.0522047155,-0.0258643756,0.0041154721,0.0021746674,0.0399648010,-0.0391057053,-0.0468486481
19694,92.06,NaN,3.160,1.490,5.780,0.6510820131,0.0782,0.0772,0.0865,0.0687,0.0003617990,0.0342605972,0.0183271160,0.0152471534,0.0044361213,-0.0479291945,0.0024264145,0.0008222518,0.0391496839,-0.0008454658,-0.0097989067
19701,89.63,NaN,3.170,1.300,5.630,0.6903267691,0.0663,0.0784,0.0863,0.0661,0.0088992510,0.0358458897,0.0179707988,0.0141375098,0.0492926882,0.0500189657,0.0030893484,-0.0004314362,0.0383700984,-0.0176433816,-0.0261492598
19702,72.72,NaN,3.180,1.360,5.520,0.7933814171,0.0668,0.0848,0.0925,0.0709,0.0051475330,0.0422212725,0.0166453842,0.0156786593,-0.0417548840,-0.0407965893,0.0124184424,-0.0002522946,0.0376617667,-0.1808491506,-0.1890899091
19703,84.21,NaN,3.190,1.210,5.360,0.7129147605,0.0612,0.0809,0.0939,0.0680,0.0037024550,0.0379645180,0.0157750959,0.0102975532,0.0534220081,0.0809755684,0.0050715458,0.0008756970,0.0373780689,0.1682382785,0.1571729633
19704,92.15,NaN,3.120,1.260,5.130,0.6464263577,0.0487,0.0764,0.0912,0.0648,0.0076043310,0.0315364736,0.0133533807,0.0135852098,0.0583721724,0.0872338642,0.0024640490,0.0015125012,0.0355365775,0.1062466405,0.0961367070
19711,100.31,NaN,3.090,1.390,5.220,0.6338113825,0.0338,0.0721,0.0846,0.0593,-0.0078214580,0.0263900615,0.0095844687,0.0058700255,0.0878360166,0.0408309243,0.0014852038,0.0021051754,0.0354978683,0.0979850073,0.0895218153
19712,99.70,NaN,3.090,1.460,5.320,0.6432210427,0.0475,0.0764,0.0875,0.0641,-0.0155003190,0.0271517358,0.0106060864,0.0141553236,-0.0443237800,-0.0290407644,0.0017713710,0.0013777546,0.0356352500,0.0009237655,-0.0067157679
19713,98.34,NaN,3.080,1.320,5.430,0.6460848296,0.0469,0.0744,0.0859,0.0598,-0.0147477970,0.0278003513,0.0124988373,0.0057549046,0.0716662225,0.0420233327,0.0034939210,0.0011670679,0.0354059857,-0.0055110320,-0.0132850022
19714,102.09,NaN,3.070,1.530,5.700,0.6439002471,0.0401,0.0725,0.0838,0.0597,-0.0136410080,0.0338925733,0.0105563703,0.0073539816,0.0163739646,0.0541771337,0.0037111750,0.0022538795,0.0358054485,0.0473036081,0.0387852660
19721,107.20,NaN,3.070,1.500,5.810,0.6459019879,0.0373,0.0724,0.0824,0.0613,-0.0150846720,0.0317491770,0.0085793372,0.0072976043,-0.0057754854,0.0097823653,0.0013237135,0.0022397228,0.0365985882,0.0575409208,0.0500183979
19722,107.14,NaN,3.070,1.620,5.970,0.6540154785,0.0391,0.0723,0.0820,0.0607,-0.0064925640,0.0343242650,0.0094102156,0.0080535090,0.0230793761,0.0129220221,0.0015177952,0.0015414101,0.0367885932,0.0068630558,-0.0002828297
19723,110.55,NaN,3.100,1.490,6.140,0.6373850011,0.0466,0.0722,0.0809,0.0606,-0.0067863640,0.0329921092,0.0105313926,0.0095827510,0.0160587701,0.0133532870,0.0016561977,0.0008839673,0.0369207410,0.0392850839,0.0321071830
19724,118.05,NaN,3.160,1.810,6.420,0.5956745946,0.0507,0.0708,0.0793,0.0599,-0.0223249600,0.0342805005,0.0121337398,0.0087035220,0.0225633296,0.0348373894,0.0018638954,0.0003114465,0.0383812030,0.0762942213,0.0684240304
19731,111.52,NaN,3.190,1.880,6.800,0.6760181281,0.0609,0.0729,0.0803,0.0686,-0.0213523440,0.0367074041,0.0142161784,0.0195649068,-0.0227970485,0.0013735741,0.0033377629,-0.0006958590,0.0396587846,-0.0510771246,-0.0574958240
19732,104.26,NaN,3.240,2.050,7.230,0.7209743078,0.0719,0.0737,0.0813,0.0710,-0.0213696830,0.0389373757,0.0164628994,0.0199640048,-0.0080358086,-0.0034359768,0.0067596637,0.0007439782,0.0406750800,-0.0583647084,-0.0655309882
19733,108.43,NaN,3.310,1.950,7.690,0.6788089959,0.0829,0.0763,0.0863,0.0703,-0.0217605910,0.0343002773,0.0207364257,0.0232443706,0.0257195716,0.0214179137,0.0038984545,-0.0000545824,0.0407175244,0.0488370944,0.0408167320
19734,97.55,NaN,3.400,2.280,8.160,0.7555884634,0.0745,0.0768,0.0848,0.0726,-0.0187992950,0.0128410744,0.0186915842,0.0220583225,-0.0054164637,-0.0077617018,0.0110728303,-0.0006401994,0.0404039100,-0.0908569389,-0.0998071168
19741,93.98,NaN,3.460,2.080,8.360,0.8151840129,0.0796,0.0801,0.0862,0.0783,-0.0161575050,0.0102070586,0.0189813573,0.0330260399,-0.0395682217,-0.0349695436,0.0069811136,-0.0011670985,0.0397483767,-0.0277828668,-0.0362540626
19742,86.00,NaN,3.530,2.430,8.740,0.8601587717,0.0790,0.0847,0.0927,0.0812,-0.0053813590,0.0078160283,0.0203143640,0.0264299066,-0.0088710904,-0.0517752456,0.0061282920,-0.0016917665,0.0390851890,-0.0754759064,-0.0847564004
19743,63.54,NaN,3.590,2.320,9.110,1.1354401435,0.0806,0.0924,0.1018,0.0837,0.0074976110,0.0049844725,0.0204050962,0.0324904108,-0.0019757282,-0.0307581406,0.0175202536,-0.0017001444,0.0380952051,-0.2521653170,-0.2614839874
19744,68.56,NaN,3.620,2.060,8.890,1.1200181747,0.0715,0.0889,0.1063,0.0760,0.0112395730,0.0089076422,0.0183437803,0.0242909277,0.0983078576,0.0929761841,0.0174131755,-0.0008304879,0.0365592112,0.0946529091,0.0797604447
19751,83.36,NaN,3.680,1.640,8.450,0.9724663152,0.0549,0.0867,0.1048,0.0824,0.0068769670,0.0206181302,0.0143405353,0.0154015525,0.0082363602,0.0475858420,0.0085988535,-0.0007042916,0.0339180398,0.2282296320,0.2147056994
19752,95.19,NaN,3.710,1.940,7.960,0.8498390198,0.0534,0.0877,0.1062,0.0813,-0.0219438340,0.0231404790,0.0134530975,0.0176877447,0.0318904935,0.0359073644,0.0054743050,-0.0008054238,0.0327436161,0.1540938527,0.1426929435
19753,83.87,NaN,3.700,2.120,7.760,0.9409482541,0.0642,0.0895,0.1061,0.0862,0.0019128580,0.0279874103,0.0157833871,0.0186069433,-0.0250895198,-0.0327898615,0.0058921648,-0.0014922567,0.0327950334,-0.1098821057,-0.1190291887
19754,90.19,NaN,3.690,2.260,7.960,0.8763388510,0.0544,0.0879,0.1056,0.0805,-0.0011529050,0.0235973301,0.0140337333,0.0164573202,0.0764894577,0.0922471505,0.0042980672,-0.0004651156,0.0328406161,0.0854354784,0.0742130381
19761,102.77,NaN,3.710,2.340,8.660,0.7840312172,0.0500,0.0852,0.1012,0.0792,-0.0045197580,0.0150003421,0.0122665508,0.0072071453,0.0321090463,0.0421324252,0.0044654377,-0.0004387984,0.0331845477,0.1499068915,0.1395755823
19762,104.28,NaN,3.790,2.530,9.250,0.7814276312,0.0541,0.0862,0.0989,0.0807,-0.0039416960,0.0189524473,0.0128639935,0.0154816235,0.0064797684,0.0030386818,0.0029151844,-0.0012775825,0.0333087676,0.0256023814,0.0155827331
19763,105.24,NaN,3.920,2.420,9.550,0.7913632737,0.0508,0.0838,0.0940,0.0781,-0.0011948130,0.0238063844,0.0128474473,0.0146605324,0.0439860164,0.0556845380,0.0021223627,-0.0014566973,0.0337526340,0.0186515589,0.0089370147
19764,107.46,NaN,4.090,2.620,9.910,0.7799731250,0.0435,0.0798,0.0912,0.0721,0.0044287380,0.0286909817,0.0116605832,0.0098326973,0.0766772817,0.0751808785,0.0029641456,-0.0011227041,0.0341219851,0.0314807268,0.0202017562
19771,98.42,NaN,4.250,2.510,10.080,0.8684299283,0.0460,0.0810,0.0912,0.0772,0.0105265100,0.0305154829,0.0115527263,0.0222860839,-0.0348058199,-0.0231424504,0.0016960384,-0.0017320885,0.0351271554,-0.0762181215,-0.0859025498
19772,100.48,NaN,4.400,2.870,10.420,0.8711120812,0.0502,0.0795,0.0891,0.0754,0.0015593210,0.0320407791,0.0120756166,0.0201329359,0.0364116455,0.0385683550,0.0021830175,-0.0015935849,0.0357783834,0.0325974069,0.0206154870
19773,96.53,NaN,4.550,2.710,10.710,0.9422625161,0.0581,0.0792,0.0880,0.0764,-0.0004528510,0.0324553673,0.0137102241,0.0120767840,0.0097246819,0.0108643950,0.0016403505,-0.0018026906,0.0361480500,-0.0283872625,-0.0394516395
19774,95.10,NaN,4.710,2.800,10.890,0.9603330245,0.0607,0.0819,0.0899,0.0803,0.0008622350,0.0305013731,0.0152362425,0.0113902200,-0.0168850370,-0.0082470866,0.0027403470,-0.0018338899,0.0369638618,-0.0011833754,-0.0145504071
19781,89.21,NaN,4.840,2.540,10.920,1.1114925531,0.0629,0.0847,0.0922,0.0831,0.0052436280,0.0275027778,0.0159409006,0.0198155751,-0.0096872333,0.0003384594,0.0022008019,-0.0013817078,0.0368763887,-0.0510542587,-0.0636382267
19782,95.53,NaN,4.950,3.180,11.230,1.0279015813,0.0673,0.0876,0.0960,0.0865,0.0037456450,0.0164291145,0.0161480927,0.0288383696,-0.0124580580,-0.0108052329,0.0038536501,-0.0018349394,0.0395235672,0.0855942396,0.0716301166
19783,102.54,NaN,5.040,3.050,11.570,0.9722575131,0.0785,0.0869,0.0942,0.0860,0.0000004050,0.0126719834,0.0182276963,0.0204106288,0.0254257756,0.0310864841,0.0028001445,-0.0025993048,0.0403382475,0.0868341210,0.0739947308
19784,96.11,NaN,5.120,3.560,12.330,1.0457012956,0.0908,0.0916,0.0994,0.0898,0.0002132390,0.0147348054,0.0213486513,0.0180055759,-0.0144587860,-0.0205766165,0.0069465423,-0.0015481539,0.0410214207,-0.0496836212,-0.0633000561
19791,101.59,NaN,5.240,3.510,13.300,1.0330789394,0.0948,0.0937,0.1026,0.0902,-0.0013450240,0.0115414513,0.0233670881,0.0304001511,0.0183110637,0.0160213435,0.0026159273,-0.0013499220,0.0412717945,0.0710180220,0.0566064505
19792,102.91,NaN,5.400,3.860,13.980,1.0578636072,0.0906,0.0929,0.1038,0.0877,0.0022324070,0.0120254544,0.0233505004,0.0356550877,0.0461619788,0.0448516907,0.0021425434,-0.0013276842,0.0404833911,0.0271188164,0.0127289729
19793,109.32,NaN,5.560,3.700,14.630,1.0137949874,0.1026,0.0944,0.1054,0.0927,-0.0011040450,0.0092174588,0.0240861920,0.0312311215,-0.0240242129,-0.0203570767,0.0024472308,-0.0014195561,0.0411056973,0.0762536386,0.0624589656
19794,107.94,NaN,5.700,3.790,14.860,1.0619500680,0.1204,0.1074,0.1206,0.1012,0.0023880570,0.0103823171,0.0294631576,0.0289548709,-0.0502325184,-0.0788330214,0.0046173222,-0.0003711309,0.0405598303,0.0017386947,-0.0124299969
19801,102.09,NaN,5.890,3.940,15.290,1.0937321031,0.1520,0.1296,0.1445,0.1239,0.0016708170,0.0117867725,0.0331970965,0.0427559492,-0.1451433348,-0.1321251434,0.0084259174,-0.0004846084,0.0403701665,-0.0396864096,-0.0524321530
19802,114.24,NaN,6.020,3.510,14.940,0.9901834270,0.0707,0.1058,0.1271,0.1006,-0.0047202420,0.0152280936,0.0239388786,0.0323516233,0.2436822412,0.2422701210,0.0056263507,0.0004203133,0.0377419187,0.1330380560,0.1177429936
19803,125.46,NaN,6.140,3.400,14.640,0.9216876515,0.1027,0.1202,0.1370,0.1185,-0.0147234540,0.0239097953,0.0227956647,0.0164951388,-0.1126185956,-0.1071648145,0.0057283949,0.0007654027,0.0375447742,0.1128258175,0.0990078387
19804,135.76,NaN,6.240,3.970,14.820,0.8915030239,0.1549,0.1321,0.1514,0.1199,-0.0118900550,0.0269436677,0.0338391871,0.0265015676,0.0180539824,0.0102201397,0.0075612430,0.0010201575,0.0378569437,0.0950887397,0.0822800347
19811,136.00,NaN,6.320,3.700,14.580,0.9249205574,0.1336,0.1333,0.1534,0.1248,-0.0078523800,0.0280847932,0.0357604603,0.0258147492,-0.0181925404,-0.0096803143,0.0052042879,0.0004488745,0.0379779576,0.0143937447,0.0021558945
19812,131.21,NaN,6.430,3.940,15.010,0.9504749816,0.1473,0.1375,0.1580,0.1304,-0.0042100690,0.0280065737,0.0370359290,0.0232953784,-0.0108504469,-0.0197260938,0.0027492332,-0.0000570271,0.0382448155,-0.0220165002,-0.0340173510
19813,116.18,NaN,6.550,3.660,15.270,1.0923786442,0.1470,0.1549,0.1692,0.1482,-0.0094186360,0.0214963864,0.0373991278,0.0293400864,-0.0859856274,-0.0889153097,0.0056891005,-0.0005421827,0.0386623804,-0.1025694881,-0.1145896372
19814,122.55,NaN,6.650,4.060,15.360,1.0611428571,0.1085,0.1423,0.1655,0.1334,-0.0107441920,0.0120069048,0.0292304810,0.0078663720,0.1474914114,0.1166478079,0.0044880526,-0.0012794664,0.0390614715,0.0684212483,0.0540837846
19821,111.96,NaN,6.740,3.150,14.810,1.1857505743,0.1268,0.1458,0.1682,0.1387,-0.0079134480,0.0056059177,0.0318632649,0.0056719430,0.0465123339,0.0490451841,0.0062353902,-0.0018891454,0.0375924461,-0.0713816779,-0.0852000860
19822,109.61,NaN,6.820,3.300,14.170,1.2015814171,0.1247,0.1481,0.1692,0.1412,-0.0063804620,0.0012642472,0.0308903519,0.0263595661,0.0176163819,0.0095609049,0.0035919289,-0.0021779315,0.0358052165,-0.0050989902,-0.0201714860
19823,120.42,NaN,6.860,3.050,13.560,1.0885355649,0.0792,0.1294,0.1563,0.1183,-0.0057267960,0.0006764326,0.0231994970,0.0092723505,0.2020773817,0.2133800935,0.0095058104,-0.0018631355,0.0342287272,0.1162250985,0.1003309482
19824,140.64,NaN,6.890,3.140,12.640,0.9322147266,0.0794,0.1183,0.1414,0.1095,0.0023845630,0.0030100517,0.0197018083,-0.0030820031,0.0963587644,0.1093788664,0.0141077955,-0.0013463488,0.0332308478,0.1844872192,0.1699299425
19831,152.96,NaN,6.920,2.930,12.420,0.7800677858,0.0835,0.1173,0.1361,0.1083,0.0027516750,0.0060700061,0.0201984760,0.0034167792,0.0072219906,0.0404352633,0.0067643203,-0.0012148534,0.0323499859,0.0996049160,0.0866195716
19832,168.11,NaN,6.960,3.470,12.590,0.7213820420,0.0879,0.1174,0.1337,0.1119,0.0038909010,0.0158515384,0.0209184863,0.0159728512,-0.0010703089,0.0159296074,0.0039075129,-0.0008278121,0.0325018442,0.1091425449,0.0974752896
19833,166.07,NaN,7.030,3.760,13.300,0.7148475830,0.0900,0.1237,0.1355,0.1157,0.0133505300,0.0230982880,0.0227633973,0.0123857043,0.0014445914,-0.0030248264,0.0047191631,-0.0018284324,0.0337132970,-0.0018203843,-0.0124587147
19834,164.93,NaN,7.120,3.870,14.030,0.7003591178,0.0900,0.1257,0.1375,0.1197,0.0116351110,0.0269866108,0.0219197026,0.0056271451,-0.0010702248,0.0083260071,0.0024797730,-0.0016937271,0.0355815837,0.0046290071,-0.0062770447
19841,159.18,NaN,7.230,4.160,15.260,0.7624754269,0.0952,0.1257,0.1399,0.1253,0.0031716280,0.0239632881,0.0228377821,0.0124916977,-0.0095305046,-0.0143837866,0.0041686702,-0.0020079516,0.0363578112,-0.0211207760,-0.0318910054
19842,153.18,NaN,7.340,4.410,16.200,0.7843518191,0.0987,0.1355,0.1505,0.1374,0.0059771230,0.0012347683,0.0243922277,0.0110425959,-0.0474815730,-0.0364468335,0.0036443408,-0.0018792426,0.0377419429,-0.0248296187,-0.0369305958
19843,166.10,NaN,7.430,4.120,16.560,0.7360509153,0.1037,0.1266,0.1435,0.1235,0.0057057990,-0.0094339536,0.0256896698,0.0122049992,0.1352862036,0.1253595292,0.0049357173,-0.0014075399,0.0385022623,0.0969391751,0.0849573066
19844,167.24,NaN,7.570,3.950,16.640,0.7330983765,0.0806,0.1213,0.1340,0.1170,0.0058518820,-0.0271530397,0.0219274962,0.0031762109,0.0782858940,0.0934316818,0.0035022432,-0.0011276635,0.0389127283,0.0189004321,0.0067764950
19851,180.66,NaN,7.680,3.910,16.390,0.7236457791,0.0852,0.1256,0.1369,0.1181,0.0158806660,-0.0247762436,0.0203887888,0.0104394565,0.0155543582,0.0117801307,0.0031834025,-0.0018750597,0.0388157348,0.0915366648,0.0799277707
19852,191.85,NaN,7.770,3.630,15.610,0.6864301439,0.0695,0.1094,0.1240,0.1055,0.0069239360,-0.0265893625,0.0185920970,0.0109583482,0.1318150701,0.1232736258,0.0020352609,-0.0021959653,0.0388337499,0.0758141750,0.0646523833
19853,182.08,NaN,7.860,3.740,15.230,0.6899588298,0.0710,0.1107,0.1248,0.1082,0.0174426760,-0.0313067522,0.0177142637,0.0068175382,0.0053181890,0.0207818563,0.0022141683,-0.0021212744,0.0377173780,-0.0426539021,-0.0526213401
19854,211.28,NaN,7.940,3.330,14.610,0.5926926882,0.0710,0.1016,0.1158,0.0956,0.0115416640,-0.0195025300,0.0178633742,0.0089232873,0.1334266961,0.1213527014,0.0030849081,-0.0017213560,0.0378843600,0.1742383877,0.1624127207
19861,238.90,NaN,8.050,3.820,14.520,0.5196276277,0.0656,0.0900,0.1050,0.0766,0.0034140300,-0.0164143838,0.0171922515,-0.0042950329,0.1973157088,0.1076873830,0.0043831832,-0.0019183155,0.0368914881,0.1419105729,0.1321024288
19862,250.84,NaN,8.140,3.820,14.710,0.4992814574,0.0621,0.0913,0.1034,0.0790,-0.0036540120,-0.0121655082,0.0153108591,0.0058092697,-0.0003572848,0.0066505480,0.0054253960,-0.0025621870,0.0355426120,0.0576123628,0.0486975278
19863,231.32,NaN,8.240,3.880,14.850,0.5346292671,0.0521,0.0889,0.1020,0.0827,-0.0003362340,-0.0049242326,0.0137765860,0.0070007181,-0.0133669740,0.0189354382,0.0078837922,-0.0023794300,0.0346558677,-0.0716281504,-0.0797240803
19864,242.17,NaN,8.300,2.960,14.480,0.4984308658,0.0553,0.0849,0.0997,0.0789,0.0005249470,-0.0114373941,0.0133535485,0.0027243834,0.0544701611,0.0548392623,0.0039837922,-0.0022403247,0.0346734592,0.0530296616,0.0421081522
19871,291.70,NaN,8.400,4.440,15.100,0.4280402137,0.0559,0.0836,0.0961,0.0795,-0.0024383880,-0.0022834681,0.0138098267,0.0144428655,0.0135084776,0.0185858101,0.0058615698,-0.0020372883,0.0334032274,0.2137550908,0.2045558419
19872,304.00,NaN,8.570,3.140,14.420,0.4078923974,0.0567,0.0932,0.1052,0.0877,0.0088919100,0.0051298009,0.0141084398,0.0124618404,-0.0480649228,-0.0404936139,0.0077535620,-0.0017502493,0.0339180966,0.0501190068,0.0414580968
19873,321.83,NaN,8.710,5.320,15.860,0.3799667216,0.0640,0.1018,0.1131,0.0992,0.0028844370,0.0061874447,0.0150703303,0.0131845611,-0.0696514675,-0.0606958364,0.0051291190,-0.0028272050,0.0347011521,0.0669576268,0.0588472646
19874,247.08,NaN,8.505,4.600,17.500,0.5088120155,0.0577,0.1011,0.1129,0.0920,0.0114354260,0.0133418785,0.0146226007,0.0034744843,0.0838233134,0.0863870255,0.0845827639,-0.0027006902,0.0342907940,-0.2268198999,-0.2348258172
19881,258.89,2.250,8.950,5.530,18.590,0.5075299538,0.0570,0.0939,0.1057,0.0901,0.0114942950,0.0061311066,0.0142743159,0.0095159758,0.0392314280,0.0461686470,0.0127840529,-0.0025722006,0.0342331143,0.0584865614,0.0471841468
19882,273.50,2.540,9.230,6.220,21.670,0.4711188723,0.0646,0.0986,0.1100,0.0917,0.0100159620,-0.0055259033,0.0154849138,0.0128472366,0.0098050458,0.0166074088,0.0083766423,-0.0026466970,0.0347560678,0.0671704568,0.0573543410
19883,271.91,2.460,9.460,6.380,22.730,0.4775404537,0.0724,0.0982,0.1090,0.0917,0.0171539510,-0.0047615952,0.0174739650,0.0152135261,0.0228115983,0.0266522860,0.0044936779,-0.0026083753,0.0345993282,0.0042725949,-0.0061053816
19884,277.72,2.480,9.730,5.620,23.750,0.4652835740,0.0807,0.0957,0.1065,0.0918,0.0181849390,-0.0216391556,0.0192546540,0.0058357624,0.0217128795,0.0138773907,0.0036076501,-0.0022913172,0.0346288503,0.0309379351,0.0182848476
19891,294.87,2.500,9.980,6.740,24.960,0.4686914136,0.0882,0.0980,0.1067,0.0929,0.0178590770,-0.0232586906,0.0212743363,0.0149000337,0.0142614769,0.0134844723,0.0034271040,-0.0023804474,0.0348796979,0.0695388275,0.0595503807
19892,317.98,2.860,10.300,6.480,25.220,0.4405629370,0.0815,0.0910,0.1003,0.0821,0.0199270680,-0.0240481981,0.0209516243,0.0146772141,0.1147526575,0.1018775572,0.0034581695,-0.0026943259,0.0350302461,0.0886887097,0.0785827955
19893,349.15,2.830,10.670,4.850,23.690,0.3992097504,0.0775,0.0901,0.0991,0.0847,0.0161091930,-0.0301196286,0.0195445255,0.0072428238,-0.0008215812,0.0052146994,0.0029494680,-0.0027566186,0.0356786926,0.1073458180,0.0977736571
19894,353.40,2.860,11.050,4.800,22.870,0.3904547436,0.0763,0.0886,0.0982,0.0816,0.0195266490,-0.0123201636,0.0190725767,0.0087843353,0.0453680226,0.0354140759,0.0074041419,-0.0029288342,0.0347825589,0.0190348477,0.0102828476
19901,339.94,2.770,11.320,5.540,21.670,0.4713339564,0.0790,0.0937,0.1021,0.0889,0.0204616620,-0.0102703966,0.0193375307,0.0205388873,-0.0409527073,-0.0213547752,0.0049328709,-0.0023641623,0.0349020433,-0.0300756910,-0.0381136002
19902,358.02,3.200,11.660,6.070,21.260,0.4429494323,0.0773,0.0926,0.1022,0.0864,0.0242513510,-0.0004704629,0.0193044228,0.0093053896,0.0439323191,0.0406678064,0.0036790492,-0.0025342714,0.0339626718,0.0632342068,0.0539866825
19903,306.05,3.000,11.830,5.330,21.740,0.5202896660,0.0736,0.0956,0.1064,0.0914,0.0363453370,0.0014226454,0.0186336657,0.0214697307,-0.0203186155,-0.0103734503,0.0091110175,-0.0032591891,0.0338748069,-0.1392417214,-0.1468230527
19904,330.22,3.120,12.090,4.400,21.340,0.4844968599,0.0674,0.0905,0.1043,0.0844,0.0310249740,-0.0017369336,0.0174242666,0.0082686980,0.0824342524,0.0594788725,0.0077272522,-0.0023382328,0.0329354140,0.0904689283,0.0797704752
19911,375.22,2.790,12.110,5.140,20.940,0.4571255997,0.0591,0.0893,0.1009,0.0844,0.0192412140,0.0033749294,0.0150206470,0.0089485344,0.0198999482,0.0383761402,0.0069999515,-0.0024701057,0.0318336098,0.1471456568,0.1382338702
19912,371.16,3.240,12.150,4.540,19.410,0.4582437430,0.0557,0.0901,0.0996,0.0860,0.0212543350,0.0142929905,0.0138678912,0.0073975557,0.0076118000,0.0159218631,0.0048378338,-0.0023828567,0.0313144651,-0.0021578896,-0.0103451086
19913,387.86,3.130,12.280,3.740,17.820,0.4415318370,0.0522,0.0861,0.0951,0.0790,0.0195666910,0.0231106614,0.0134116198,0.0088084511,0.0820558841,0.0729695157,0.0036176636,-0.0017709068,0.0308229565,0.0534028082,0.0452387220
19914,417.09,3.040,12.200,2.550,15.970,0.4203444173,0.0407,0.0831,0.0926,0.0730,0.0085801690,0.0316383708,0.0113284375,0.0050964726,0.0725370127,0.0591972073,0.0052242317,-0.0012532164,0.0304819616,0.0837489079,0.0752388686
19921,403.69,2.910,12.320,5.360,16.190,0.4021060342,0.0404,0.0835,0.0925,0.0797,0.0104229350,0.0417099956,0.0097175664,0.0101318680,-0.0366070667,-0.0151086576,0.0022554278,-0.0012508721,0.0301816479,-0.0250261666,-0.0321555546
19922,408.14,3.240,12.320,5.400,17.050,0.3920423538,0.0366,0.0822,0.0905,0.0765,0.0094010580,0.0430407298,0.0091859194,0.0064524010,0.0464576576,0.0430624740,0.0031039919,-0.0012735065,0.0312183441,0.0181355379,0.0103341464
19923,417.80,3.200,12.390,4.730,18.040,0.3976569721,0.0291,0.0792,0.0862,0.0710,0.0081292800,0.0411823039,0.0076984305,0.0078355280,0.0661318432,0.0503739643,0.0021392515,-0.0010761546,0.0316567033,0.0309773293,0.0233717625
19924,435.71,3.030,12.380,3.600,19.090,0.3941096142,0.0322,0.0798,0.0881,0.0726,0.0054515570,0.0388164548,0.0076651749,0.0042387882,0.0053172329,0.0137915458,0.0019237918,-0.0011115236,0.0323958936,0.0526816540,0.0452828499
19931,451.67,3.010,12.480,6.110,19.840,0.3336135264,0.0295,0.0758,0.0815,0.0702,0.0200920450,0.0371049432,0.0073908874,0.0119557292,0.0666264215,0.0538681000,0.0025004722,-0.0016690258,0.0323528749,0.0425415993,0.0353686006
19932,450.53,3.280,12.520,4.890,19.330,0.3259312476,0.0307,0.0733,0.0807,0.0668,0.0125899810,0.0410504900,0.0074075070,0.0055652149,0.0573696694,0.0367216647,0.0023959445,-0.0017479702,0.0329716007,0.0046596948,-0.0027847685
19933,458.93,3.200,12.520,5.810,20.410,0.3223518215,0.0295,0.0666,0.0734,0.0627,0.0140507440,0.0417245057,0.0074989516,0.0048416587,0.0638606045,0.0434546441,0.0013612060,-0.0011537305,0.0330733577,0.0247799875,0.0178259859
19934,466.45,3.090,12.580,5.080,21.890,0.3052672229,0.0306,0.0693,0.0769,0.0654,0.0082841040,0.0457551720,0.0076402617,0.0048154909,-0.0145817373,-0.0071883124,0.0011602609,-0.0010124970,0.0341831571,0.0237658086,0.0169414544
19941,445.77,3.140,12.710,6.930,22.710,0.3074838051,0.0350,0.0748,0.0813,0.0725,0.0240766930,0.0419300092,0.0080973488,0.0095866902,-0.0591484683,-0.0469338733,0.0023416674,-0.0010998390,0.0342107704,-0.0384386611,-0.0448060118
19942,444.27,3.410,12.840,7.380,25.200,0.3084170767,0.0414,0.0797,0.0865,0.0774,0.0221525710,0.0340461940,0.0099500988,0.0054279022,-0.0328462300,-0.0238115571,0.0029213038,-0.0009657219,0.0345790558,0.0037817857,-0.0035121368
19943,462.71,3.290,12.930,7.940,27.330,0.2909046586,0.0462,0.0834,0.0898,0.0800,0.0256320220,0.0291000249,0.0111708284,0.0094439313,-0.0066187168,0.0004700484,0.0016895631,-0.0008392978,0.0348927028,0.0496496328,0.0425436582
19944,459.27,3.340,13.180,8.350,30.600,0.2915683000,0.0560,0.0846,0.0910,0.0799,0.0209396280,0.0166568397,0.0131709721,0.0020069338,0.0202492444,0.0124406187,0.0026997504,-0.0005760069,0.0360802410,0.0003656082,-0.0070658198
19951,500.71,3.140,13.180,8.880,32.550,0.3138765419,0.0573,0.0812,0.0870,0.0755,0.0146409980,0.0143577800,0.0143074943,0.0113344497,0.0664002399,0.0652646185,0.0012460964,-0.0005667705,0.0371414250,0.0974594226,0.0903544028
19952,544.75,3.600,13.370,9.260,34.430,0.2864296179,0.0547,0.0730,0.0790,0.0670,0.0166524820,0.0081688056,0.0139591316,0.0072561507,0.1124866679,0.0902497136,0.0019651265,-0.0002677257,0.0369513487,0.0961660399,0.0890706374
19953,584.41,3.500,13.580,8.690,35.180,0.2724949976,0.0528,0.0732,0.0793,0.0663,0.0119176530,0.0062588809,0.0133867507,0.0045847959,0.0240155816,0.0265534431,0.0013614110,-0.0001402155,0.0367632465,0.0806753115,0.0741304918
19954,615.93,3.550,13.790,7.130,33.960,0.2550263829,0.0514,0.0682,0.0749,0.0603,0.0133260340,0.0155818028,0.0131212550,0.0019524923,0.0837289320,0.0669314676,0.0018545167,-0.0001466042,0.0370685343,0.0587623270,0.0524684703
19961,645.50,3.450,14.100,8.960,34.040,0.2392996154,0.0496,0.0735,0.0803,0.0684,0.0111506730,0.0170204736,0.0122997461,0.0142962800,-0.0693105857,-0.0484848411,0.0043933021,0.0000305558,0.0375320902,0.0553878739,0.0495839017
19962,670.63,3.770,14.270,10.130,34.910,0.2364437252,0.0509,0.0771,0.0840,0.0703,0.0086932390,0.0274007259,0.0125238192,0.0064131298,-0.0019536613,0.0014252624,0.0025019321,-0.0008478904,0.0381338039,0.0450492363,0.0394082031
19963,687.31,3.890,14.660,9.780,36.000,0.2272973181,0.0509,0.0766,0.0835,0.0704,0.0087395750,0.0289046502,0.0127146829,0.0070110503,0.0165233544,0.0197374187,0.0041629121,-0.0005386936,0.0388903486,0.0312131878,0.0253213834
19964,740.74,3.790,14.900,9.860,38.730,0.2073427297,0.0491,0.0720,0.0789,0.0673,0.0082847390,0.0233732368,0.0124159360,0.0050628905,0.0493489382,0.0435711306,0.0030194648,-0.0003967552,0.0393883126,0.0834642660,0.0776976489
19971,757.12,3.610,15.060,10.470,40.240,0.2147802023,0.0514,0.0755,0.0818,0.0723,0.0096481480,0.0204480263,0.0126234009,0.0088141403,-0.0324173705,-0.0221076667,0.0048363347,-0.0013083062,0.0398166207,0.0264253937,0.0216196147
19972,885.14,3.870,15.160,10.440,40.550,0.1842876150,0.0493,0.0741,0.0802,0.0688,-0.0002444880,0.0103177434,0.0125902017,0.0018732434,0.0556385733,0.0507233642,0.0069869994,-0.0006620977,0.0402094599,0.1750326667,0.1698116844
19973,947.28,4.060,15.330,9.870,40.640,0.1779678570,0.0495,0.0715,0.0770,0.0649,-0.0034372060,0.0148172806,0.0125902045,0.0056088421,0.0614293123,0.0507550413,0.0071014311,-0.0007428601,0.0416319546,0.0760087142,0.0713816126
19974,970.43,3.950,15.490,8.940,39.720,0.1788008842,0.0516,0.0676,0.0732,0.0602,-0.0070956570,0.0157230436,0.0126980810,0.0006163189,0.0687137261,0.0461720144,0.0142753058,-0.0008887790,0.0412894775,0.0294990796,0.0252445126
19981,1101.75,3.760,15.640,10.290,39.540,0.1811403960,0.0503,0.0672,0.0732,0.0602,-0.0185733740,0.0166294532,0.0126068069,0.0055744829,0.0151876400,0.0168397736,0.0046589760,-0.0007397901,0.0419940101,0.1405175232,0.1363975645
19982,1133.84,4.180,15.950,9.870,38.970,0.1780606060,0.0498,0.0653,0.0713,0.0576,-0.0186542910,0.0240237086,0.0124159382,0.0049280048,0.0441226389,0.0338425279,0.0046709311,-0.0011688478,0.0425666577,0.0341293896,0.0302381656
19983,1017.01,4.260,16.150,8.990,38.090,0.2032484042,0.0461,0.0640,0.0709,0.0517,-0.0055680800,0.0244919569,0.0120341400,0.0036787252,0.0834854030,0.0446843916,0.0215331101,-0.0016339078,0.0422316453,-0.0981455864,-0.1018822067
19984,1229.23,4.000,16.200,8.560,37.710,0.1736113154,0.0439,0.0622,0.0723,0.0542,-0.0204382650,0.0198549918,0.0106144885,0.0018305721,-0.0154720633,0.0084944870,0.0103951034,-0.0010338728,0.0428014127,0.2157749685,0.2115605501
19991,1286.37,4.010,16.450,10.960,38.380,0.1728971707,0.0444,0.0662,0.0753,0.0592,-0.0237328640,0.0203487784,0.0109964859,0.0067030523,-0.0412967766,-0.0280988886,0.0100313511,-0.0010753509,0.0428087875,0.0489065325,0.0454855317
19992,1372.71,4.180,16.450,12.510,41.020,0.1542274468,0.0457,0.0723,0.0802,0.0627,-0.0195577300,0.0187029382,0.0111127111,0.0072464085,-0.0241106270,-0.0356384358,0.0082215219,-0.0011446288,0.0433420200,0.0686635858,0.0650794250
19993,1282.71,4.450,16.640,11.930,43.960,0.1636844982,0.0468,0.0739,0.0820,0.0646,-0.0121473730,0.0198845320,0.0116025291,0.0102097091,-0.0046680472,-0.0046996168,0.0070459696,-0.0009857026,0.0435837737,-0.0621641231,-0.0654139907
19994,1469.25,4.050,16.690,12.770,48.170,0.1471672594,0.0520,0.0755,0.0819,0.0682,-0.0240945380,0.0179400266,0.0125818921,0.0023805981,-0.0226796435,-0.0079346249,0.0073790169,0.0000642780,0.0428954588,0.1543399535,0.1509189024
20001,1498.58,4.080,16.760,13.740,50.950,0.1499735618,0.0569,0.0768,0.0837,0.0618,-0.0305056640,0.0183726337,0.0137683330,0.0171748878,0.0883296505,0.0241003435,0.0148850832,0.0001848837,0.0435747384,0.0257441480,0.0227116254
20002,1454.60,4.120,16.700,13.480,51.920,0.1567779616,0.0569,0.0767,0.0848,0.0622,-0.0202217550,-0.0029407142,0.0142494354,0.0069947433,0.0111248414,0.0042914259,0.0154869284,-0.0002467433,0.0442776903,-0.0284884146,-0.0311429695
20003,1436.51,4.090,16.340,13.710,53.700,0.1537894629,0.0600,0.0762,0.0835,0.0612,-0.0212251010,-0.0000286032,0.0150040806,0.0075243540,0.0253602714,0.0363872016,0.0047046815,-0.0005084875,0.0436736054,-0.0035142854,-0.0063699063
20004,1320.28,3.980,16.270,9.070,50.000,0.1518515036,0.0577,0.0721,0.0802,0.0558,-0.0064180390,-0.0069489195,0.0150040516,0.0017252953,0.0767406057,0.0587531454,0.0141398712,-0.0005248530,0.0429646310,-0.0769395155,-0.0797136878
20011,1160.33,3.780,15.970,9.180,45.440,0.1331135514,0.0442,0.0698,0.0784,0.0559,0.0015374800,-0.0099857318,0.0120174703,0.0126130048,0.0120644393,0.0460136678,0.0146090222,-0.0018640665,0.0417522022,-0.1213218793,-0.1240896146
20012,1224.42,3.840,15.690,4.830,36.790,0.1252094328,0.0349,0.0718,0.0797,0.0590,-0.0008686390,0.0130454353,0.0091360488,0.0101960562,-0.0194513944,0.0057323107,0.0114708573,-0.0015922058,0.0395920530,0.0588621918,0.0556440940
20013,1040.94,4.140,15.740,5.230,28.310,0.1486285882,0.0264,0.0717,0.0803,0.0542,-0.0007823040,0.0110660468,0.0079144014,0.0016713250,0.0675522539,0.0362687600,0.0122887278,-0.0018229150,0.0383391531,-0.1467127054,-0.1498646635
20014,1148.08,3.980,15.740,5.450,24.690,0.1312178459,0.0169,0.0677,0.0805,0.0575,0.0004124520,0.0160697925,0.0047628449,-0.0089884651,-0.0211326364,0.0148617340,0.0072370891,-0.0013361672,0.0365034007,0.1098439803,0.1058970147
20021,1147.39,3.770,15.730,9.190,24.700,0.2368334023,0.0179,0.0681,0.0811,0.0604,-0.0165290050,0.0162407742,0.0043052393,0.0118582595,-0.0192512993,0.0003210388,0.0067665437,-0.0022385902,0.0348744003,0.0028184548,-0.0005991183
20022,989.81,4.150,16.040,6.870,26.740,0.2665725018,0.0170,0.0663,0.0795,0.0566,-0.0076880740,0.0292383664,0.0042885997,0.0061363793,0.0620574000,0.0444551570,0.0101293348,-0.0026067905,0.0339975934,-0.1347526845,-0.1380921348
20023,815.29,3.901,15.801,8.530,30.040,0.3245551555,0.0163,0.0615,0.0740,0.0480,0.0035941860,0.0323652710,0.0041055221,0.0061069523,0.1230629369,0.0898407010,0.0321181932,-0.0032126151,0.0335284850,-0.1691585380,-0.1728588778
20024,879.82,4.256,16.077,3.000,27.590,0.2953858956,0.0119,0.0621,0.0745,0.0484,0.0005079660,0.0285208738,0.0033314510,-0.0005562967,0.0073677451,0.0243796368,0.0186782487,-0.0041443054,0.0328219422,0.0850411489,0.0798526848
20031,848.18,3.922,16.229,11.920,30.320,0.2861564890,0.0113,0.0589,0.0695,0.0490,0.0035037610,0.0266106119,0.0028902736,0.0182023983,0.0081549180,0.0203269965,0.0138678120,NaN,0.0323537245,-0.0315220555,-0.0360217011
20032,974.51,4.086,16.165,11.100,34.550,0.2545228375,0.0092,0.0497,0.0619,0.0445,-0.0092928430,0.0018514123,0.0025988659,-0.0027144408,0.0535257809,0.0557621662,0.0072908303,NaN,0.0329429332,0.1551118095,0.1501612987
20033,995.97,4.322,16.586,12.560,38.580,0.2465752056,0.0094,0.0572,0.0679,0.0523,-0.0161909780,0.0071991901,0.0023240990,0.0081654872,-0.0331744846,-0.0212562983,0.0048811605,NaN,0.0334220068,0.0267458360,0.0222759563
20034,1111.92,5.055,17.385,13.160,48.740,0.2187695187,0.0090,0.0562,0.0660,0.0515,-0.0186624220,0.0067120145,0.0022907917,-0.0048596112,-0.0174534279,-0.0015169173,0.0032209760,NaN,0.0333758952,0.1206056847,0.1153233221
20041,1126.21,4.560,18.023,15.180,52.000,0.2712957510,0.0094,0.0533,0.0611,0.0474,-0.0165484480,0.0120569190,0.0022934170,0.0168204015,0.0568241344,0.0490674877,0.0035707934,NaN,0.0332409333,0.0182684144,0.0141244638
20042,1140.84,4.664,18.601,15.250,56.150,0.2692736702,0.0127,0.0601,0.0678,0.0532,-0.0149310800,0.0123244813,0.0026940618,0.0122732124,-0.0522696815,-0.0513799840,0.0029793061,NaN,0.0335471601,0.0173450625,0.0131114927
20043,1114.58,4.882,19.163,14.180,57.770,0.2787623744,0.0165,0.0546,0.0627,0.0488,-0.0165958840,0.0091234054,0.0037212553,0.0010542963,0.0657461276,0.0693189307,0.0029256060,NaN,0.0340903461,-0.0187406502,-0.0231673643
20044,1211.92,5.334,19.440,13.940,58.550,0.2605951399,0.0219,0.0547,0.0615,0.0484,-0.0235132390,0.0130071853,0.0050250261,0.0021063718,0.0164306310,0.0216710504,0.0028157301,NaN,0.0344671074,0.0918032433,0.0834859058
20051,1180.59,5.345,20.226,16.950,60.320,0.3350228870,0.0274,0.0540,0.0606,0.0488,-0.0195285450,0.0092054554,0.0063550524,0.0157645822,0.0094949248,0.0034873880,0.0025157432,NaN,0.0346455538,-0.0202511616,-0.0247539341
20052,1191.33,5.364,20.926,18.290,63.360,0.3424827518,0.0297,0.0496,0.0586,0.0429,-0.0165402600,0.0075515947,0.0071754209,0.0062079669,0.0859452104,0.0781552716,0.0032274287,NaN,0.0347483977,0.0139216115,0.0092999299
20053,1228.81,5.432,21.475,17.390,66.570,0.3329643192,0.0342,0.0513,0.0603,0.0464,-0.0170296460,0.0060601379,0.0084235316,0.0221079692,-0.0303787244,-0.0326167959,0.0020065323,NaN,0.0349099275,0.0360787674,0.0314574784
20054,1248.29,6.079,22.220,17.290,69.930,0.3283414976,0.0389,0.0537,0.0632,0.0461,-0.0149565300,0.0037358744,0.0095971990,-0.0100603622,0.0142266628,0.0115572459,0.0027908822,NaN,0.0350107696,0.0220987399,0.0171796720
,,,,,,,,,,,,,,,,,,,,,
,,,,,,,,,,,,,,,,,,,,,